timestamp,categorie,code_postal,premiere_visite,comment_avez_vous_entendu_parler_de_nous
2020/10/06 12:39:32 PM EST,"Corporatif (enseignants, service-de-garde, garderies, etc.)",G7A 4s2,Non,Famille et amis
2020/10/06 12:45:53 PM EST,Parents avec jeunes enfants,G2e 4e8,Non,Famille et amis
2020/10/06 1:43:03 PM EST,Parents avec jeunes enfants,G1g 1a6,Non,Famille et amis
2020/10/06 2:24:04 PM EST,Parents avec jeunes enfants,G3l 2j6,Oui,Famille et amis
2020/10/06 2:30:08 PM EST,Parents avec jeunes enfants,G1x2n1,Oui,"Événements (Conteneur de l'amour, parade des jouets, etc)"
2020/10/07 9:55:54 AM EST,Parents avec jeunes enfants,G3l 2j6,Oui,Famille et amis
2020/10/07 9:57:01 AM EST,Grands-parents,G3k2s9,Non,Internet
2020/10/07 10:23:26 AM EST,"Corporatif (enseignants, service-de-garde, garderies, etc.)",G3a 1w8,Non,Famille et amis
2020/10/07 10:50:25 AM EST,Parents avec jeunes enfants,J0c 1c0,Non,Famille et amis
2020/10/07 10:53:35 AM EST,Parents avec jeunes enfants,G1x2n1,Oui,"Événements (Conteneur de l'amour, parade des jouets, etc)"
2020/10/07 10:54:05 AM EST,Parents avec jeunes enfants,G1l2w9,Oui,Radio
2020/10/07 10:55:23 AM EST,"Corporatif (enseignants, service-de-garde, garderies, etc.)",G0a3k0,Non,École 
2020/10/07 10:58:13 AM EST,Parents avec jeunes enfants,G6v9n3,Oui,"Événements (Conteneur de l'amour, parade des jouets, etc)"
2020/10/07 12:48:19 PM EST,Parents avec jeunes enfants,G0s2g0,Non,Radio
2020/10/07 1:44:58 PM EST,"Corporatif (enseignants, service-de-garde, garderies, etc.)",G1j 1b1,Non,Famille et amis
2020/10/07 2:17:15 PM EST,Parents avec jeunes enfants,G2e5h3,Non,Famille et amis
2020/10/07 2:28:13 PM EST,Parents avec jeunes enfants,G1h 1n4,Non,Famille et amis
2020/10/07 2:45:54 PM EST,Parents avec jeunes enfants,G1b 1v3,Non,Facebook 
2020/10/07 2:52:05 PM EST,Grands-parents,G3a 2a5,Non,Passait par hasard
2020/10/08 9:40:20 AM EST,Grands-parents,G3a 2a5,Non,Passait par hasard
2020/10/08 9:41:08 AM EST,Parents avec jeunes enfants,G0s1m0,Non,"Famille, amis, collègues (etc.)"
2020/10/08 9:59:17 AM EST,"Corporatif (enseignants, service-de-garde, garderies, etc.)",G5y 4s4,Non,"Famille, amis, collègues (etc.)"
2020/10/08 10:08:34 AM EST,Parents avec jeunes enfants,G1x2c6,Non,"Famille, amis, collègues (etc.)"
2020/10/08 10:10:51 AM EST,Parents avec jeunes enfants,G1c2b3,Non,"Réseaux sociaux (Facebook, Instagram...)"
2020/10/08 10:17:39 AM EST,Parents avec jeunes enfants,G6v9n3,Oui,"Événements (Conteneur de l'amour, parade des jouets, etc)"
2020/10/08 10:23:45 AM EST,Grands-parents,G2b4z8,Oui,"Réseaux sociaux (Facebook, Instagram...)"
2020/10/08 10:55:39 AM EST,Grands-parents,G1g3x1,Non,"Réseaux sociaux (Facebook, Instagram...)"
2020/10/08 10:59:22 AM EST,Parents avec jeunes enfants,G3n0h3,Non,"Famille, amis, collègues (etc.)"
2020/10/08 11:04:28 AM EST,Parents avec jeunes enfants,G3a g1m2y5,Non,"Famille, amis, collègues (etc.)"
2020/10/08 11:33:00 AM EST,Parents avec jeunes enfants,G1x2k2,Non,"Famille, amis, collègues (etc.)"
2020/10/08 12:06:20 PM EST,Parents avec jeunes enfants,G1j2b4,Non,"Réseaux sociaux (Facebook, Instagram...)"
2020/10/08 12:31:00 PM EST,Personne seule,G2g1m3,Non,"Famille, amis, collègues (etc.)"
2020/10/08 12:31:29 PM EST,Parents avec jeunes enfants,G1l2w9,Oui,Radio
2020/10/08 12:47:25 PM EST,Parents avec jeunes enfants,G1j4s1,Oui,"Réseaux sociaux (Facebook, Instagram...)"
2020/10/08 1:25:15 PM EST,Grands-parents,G1x4v1,Non,"Famille, amis, collègues (etc.)"
2020/10/08 1:34:10 PM EST,Grands-parents,G3n3b4,Non,"Famille, amis, collègues (etc.)"
2020/10/08 2:28:40 PM EST,Parents avec jeunes enfants,G1p4j8,Non,Radio
2020/10/08 2:43:58 PM EST,Grands-parents,G1v1z5,Non,TV
2020/10/09 9:55:33 AM EST,Parents avec jeunes enfants,G1l2w9,Oui,Radio
2020/10/09 1:53:18 PM EST,Grands-parents,G1v1z5,Non,TV
2020/10/10 9:28:41 AM EST,Parents avec jeunes enfants,G2G 1B8,Non,"Réseaux sociaux (Facebook, Instagram...)"
2020/10/10 9:32:30 AM EST,Grands-parents,G3n 1z7,Non,"Famille, amis, collègues (etc.)"
2020/10/10 9:34:34 AM EST,Grands-parents,G1v1z5,Non,TV
2020/10/10 9:34:36 AM EST,Parents avec jeunes enfants,G1p4j8,Non,Radio
2020/10/10 9:34:36 AM EST,Grands-parents,G3n3b4,Non,"Famille, amis, collègues (etc.)"
2020/10/10 9:34:37 AM EST,Grands-parents,G1x4v1,Non,"Famille, amis, collègues (etc.)"
2020/10/10 9:34:38 AM EST,Parents avec jeunes enfants,G1j4s1,Oui,"Réseaux sociaux (Facebook, Instagram...)"
2020/10/10 9:34:42 AM EST,Parents avec jeunes enfants,G1x2k2,Non,"Famille, amis, collègues (etc.)"
2020/10/10 9:34:43 AM EST,Parents avec jeunes enfants,G3a g1m2y5,Non,"Famille, amis, collègues (etc.)"
2020/10/10 9:34:44 AM EST,Parents avec jeunes enfants,G3n0h3,Non,"Famille, amis, collègues (etc.)"
2020/10/10 9:34:45 AM EST,Grands-parents,G1g3x1,Non,"Réseaux sociaux (Facebook, Instagram...)"
2020/10/10 9:34:46 AM EST,Grands-parents,G2b4z8,Oui,"Réseaux sociaux (Facebook, Instagram...)"
2020/10/10 9:34:47 AM EST,Parents avec jeunes enfants,G1c2b3,Non,"Réseaux sociaux (Facebook, Instagram...)"
2020/10/10 9:34:48 AM EST,Parents avec jeunes enfants,G1x2c6,Non,"Famille, amis, collègues (etc.)"
2020/10/10 9:34:49 AM EST,"Corporatif (enseignants, service-de-garde, garderies, etc.)",G5y 4s4,Non,"Famille, amis, collègues (etc.)"
2020/10/10 9:34:50 AM EST,Parents avec jeunes enfants,G0s1m0,Non,"Famille, amis, collègues (etc.)"
2020/10/10 9:34:51 AM EST,Grands-parents,G3a 2a5,Non,Passait par hasard
2020/10/10 9:34:51 AM EST,Parents avec jeunes enfants,G1b 1v3,Non,Facebook 
2020/10/10 9:34:52 AM EST,Parents avec jeunes enfants,G1h 1n4,Non,
2020/10/10 9:34:53 AM EST,Parents avec jeunes enfants,G2e5h3,Non,
2020/10/10 9:34:53 AM EST,"Corporatif (enseignants, service-de-garde, garderies, etc.)",G1j 1b1,Non,
2020/10/10 9:34:56 AM EST,Parents avec jeunes enfants,G0s2g0,Non,Radio
2020/10/10 9:34:57 AM EST,"Corporatif (enseignants, service-de-garde, garderies, etc.)",G0a3k0,Non,École 
2020/10/10 9:34:57 AM EST,Parents avec jeunes enfants,J0c 1c0,Non,
2020/10/10 9:34:58 AM EST,"Corporatif (enseignants, service-de-garde, garderies, etc.)",G3a 1w8,Non,
2020/10/10 9:34:59 AM EST,Grands-parents,G3k2s9,Non,Internet
2020/10/10 9:34:59 AM EST,Parents avec jeunes enfants,G3l 2j6,Oui,
2020/10/10 9:35:01 AM EST,Parents avec jeunes enfants,G1g 1a6,Non,
2020/10/10 9:35:03 AM EST,Parents avec jeunes enfants,G2e 4e8,Non,
2020/10/10 9:35:04 AM EST,"Corporatif (enseignants, service-de-garde, garderies, etc.)",G7A 4s2,Non,
2020/10/10 9:55:09 AM EST,Parents avec jeunes enfants,G1l 2H4,Non,Ne se rappelle plus
2020/10/10 10:04:47 AM EST,"Corporatif (enseignants, service-de-garde, garderies, etc.)",G0m 1k9,Non,"Réseaux sociaux (Facebook, Instagram...)"
2020/10/10 10:20:33 AM EST,Grands-parents,G2e 5y3,Non,"Famille, amis, collègues (etc.)"
2020/10/10 10:34:29 AM EST,Grands-parents,G3K 2A5,Oui,"Famille, amis, collègues (etc.)"
2020/10/10 10:40:41 AM EST,Parents avec jeunes enfants,G3e 1k4,Non,"Famille, amis, collègues (etc.)"
2020/10/10 10:53:25 AM EST,Parents avec jeunes enfants,G1J 3L7,Non,
2020/10/10 12:07:18 PM EST,Parents avec jeunes enfants,G3k 1c6,Oui,"Réseaux sociaux (Facebook, Instagram...)"
2020/10/10 12:24:09 PM EST,Grands-parents,G2g 1m2,Non,Radio
2020/10/10 12:26:49 PM EST,Grands-parents,G2g 0e5,Non,"Famille, amis, collègues (etc.)"
2020/10/10 12:38:46 PM EST,Parents,G1w 1l7,Non,TV
2020/10/10 12:58:42 PM EST,Parents avec jeunes enfants,G3g 1k5,Non,"Famille, amis, collègues (etc.)"
2020/10/10 1:00:29 PM EST,"Corporatif (enseignants, service-de-garde, garderies, etc.)",G1c 0m2,Non,"Famille, amis, collègues (etc.)"
2020/10/10 1:10:04 PM EST,"Corporatif (enseignants, service-de-garde, garderies, etc.)",G0s 1z0,Non,"Famille, amis, collègues (etc.)"
2020/10/10 1:46:41 PM EST,Parents,G1t 2v3,Non,"Famille, amis, collègues (etc.)"
2020/10/10 1:53:51 PM EST,Parents avec jeunes enfants,G2b 3x1,Non,"Famille, amis, collègues (etc.)"
2020/10/10 2:13:14 PM EST,"Corporatif (enseignants, service-de-garde, garderies, etc.)",G2a 1h2,Non,"Famille, amis, collègues (etc.)"
2020/10/10 2:28:20 PM EST,Parents avec jeunes enfants,G3s 0g2,Non,"Famille, amis, collègues (etc.)"
2020/10/10 2:31:58 PM EST,Parents avec jeunes enfants,G2a 4h1,Non,"Famille, amis, collègues (etc.)"
2020/10/10 2:33:33 PM EST,Parents avec jeunes enfants,G6x 1c5,Non,"Réseaux sociaux (Facebook, Instagram...)"
2020/10/10 2:41:55 PM EST,oncle,G1r 2c9,Oui,"Réseaux sociaux (Facebook, Instagram...)"
2020/10/10 2:50:45 PM EST,Parents avec jeunes enfants,G12h4,Non,"Famille, amis, collègues (etc.)"
2020/10/10 2:54:35 PM EST,Tante,G1r 2c9,Oui,Groupe zéro déchet 
2020/10/10 2:59:23 PM EST,Parents avec jeunes enfants,G3k 0h3,Non,Ne sait pas 
2020/10/13 9:53:03 AM EST,Parents avec jeunes enfants,G1l1c2,Non,"Réseaux sociaux (Facebook, Instagram...)"
2020/10/13 10:08:45 AM EST,Parents avec jeunes enfants,G1y1m7,Non,"Famille, amis, collègues (etc.)"
2020/10/13 10:13:07 AM EST,Grands-parents,G2e4x6,Non,"Famille, amis, collègues (etc.)"
2020/10/13 10:23:21 AM EST,Parents avec jeunes enfants,G1s3a4,Non,Cherche jouets usagés 
2020/10/13 10:50:59 AM EST,Grands-parents,G6w2a3,Oui,Google 
2020/10/13 10:55:20 AM EST,Parents avec jeunes enfants,G1k2w2,Non,Radio
2020/10/13 11:09:36 AM EST,Grands-parents,G3a2s5,Non,Journaux 
2020/10/13 1:08:56 PM EST,Parents avec jeunes enfants,G6x2l4,Non,"Famille, amis, collègues (etc.)"
2020/10/13 1:25:56 PM EST,"Corporatif (enseignants, service-de-garde, garderies, etc.)",G1w2w1,Non,"Famille, amis, collègues (etc.)"
2020/10/13 1:55:33 PM EST,Parents avec jeunes enfants,G0a2r0,Non,"Famille, amis, collègues (etc.)"
2020/10/14 9:34:57 AM EST,Parents avec jeunes enfants,G0a2r0,Non,"Famille, amis, collègues (etc.)"
2020/10/14 9:36:05 AM EST,Parents avec jeunes enfants,G1g0j3,Non,Google 
2020/10/14 9:39:19 AM EST,Parents avec jeunes enfants,G1w1s1,Non,Google 
2020/10/14 10:02:12 AM EST,Parents avec jeunes enfants,G1y2b5,Non,"Famille, amis, collègues (etc.)"
2020/10/14 10:45:15 AM EST,Parents avec jeunes enfants,G1e0e2,Non,"Famille, amis, collègues (etc.)"
2020/10/14 11:08:37 AM EST,Parents avec jeunes enfants,G3l2n2,Oui,"Famille, amis, collègues (etc.)"
2020/10/14 1:05:41 PM EST,"Corporatif (enseignants, service-de-garde, garderies, etc.)",G1g5j7,Non,"Famille, amis, collègues (etc.)"
2020/10/14 2:27:14 PM EST,Grands-parents,G1y3v1,Non,Journaux
2020/10/14 2:32:16 PM EST,Parents avec jeunes enfants,G3k0h3,Non,"Famille, amis, collègues (etc.)"
2020/10/15 9:20:39 AM EST,Parents avec jeunes enfants,G3k0h3,Non,"Famille, amis, collègues (etc.)"
2020/10/15 9:27:02 AM EST,Parents avec jeunes enfants,G1j3a2,Non,"Famille, amis, collègues (etc.)"
2020/10/15 10:07:54 AM EST,Parents avec jeunes enfants,G1x3b6,Non,"Famille, amis, collègues (etc.)"
2020/10/15 10:18:53 AM EST,Parents,G6z7y1,Non,"Réseaux sociaux (Facebook, Instagram...)"
2020/10/15 10:30:22 AM EST,Grands-parents,G1p1e8,Non,"Famille, amis, collègues (etc.)"
2020/10/15 10:42:28 AM EST,Parents avec jeunes enfants,G1n3j8,Non,"Famille, amis, collègues (etc.)"
2020/10/15 11:25:36 AM EST,Parents avec jeunes enfants,G2g2l1,Non,Google 
2020/10/15 2:33:03 PM EST,Parents avec jeunes enfants,G1j2r9,Non,"Famille, amis, collègues (etc.)"
2020/10/15 2:37:02 PM EST,Bénévoles ,G2e2e1,Non,"Famille, amis, collègues (etc.)"
2020/10/16 10:06:28 AM EST,Bénévoles ,G2e2e1,Non,"Famille, amis, collègues (etc.)"
2020/10/16 10:07:00 AM EST,Parents avec jeunes enfants,G1w2t3,Oui,"Famille, amis, collègues (etc.)"
2020/10/16 10:10:40 AM EST,"Corporatif (enseignants, service-de-garde, garderies, etc.)",G3b2c2,Non,"Réseaux sociaux (Facebook, Instagram...)"
2020/10/16 10:13:13 AM EST,Grands-parents,G1x4v7,Non,"Famille, amis, collègues (etc.)"
2020/10/16 10:20:31 AM EST,Parents,G7a4b7,Non,"Famille, amis, collègues (etc.)"
2020/10/16 10:27:45 AM EST,Parents,G0x3k0,Non,"Famille, amis, collègues (etc.)"
2020/10/16 10:31:37 AM EST,Parents avec jeunes enfants,G1e5w3,Non,"Famille, amis, collègues (etc.)"
2020/10/16 10:35:39 AM EST,Parents avec jeunes enfants,G2b2v8,Non,"Famille, amis, collègues (etc.)"
2020/10/16 11:03:41 AM EST,Parents avec jeunes enfants,G2e 6l9,Non,Ne sait pas
2020/10/16 11:21:27 AM EST,Parents avec jeunes enfants,G1k8p6,Non,"Famille, amis, collègues (etc.)"
2020/10/16 12:45:05 PM EST,Grands-parents,G1j4z3,Non,"Réseaux sociaux (Facebook, Instagram...)"
2020/10/16 12:51:49 PM EST,Parents avec jeunes enfants,G2e6k5,Non,"Famille, amis, collègues (etc.)"
2020/10/16 1:14:00 PM EST,Collection ,G5z2c4,Non,"Famille, amis, collègues (etc.)"
2020/10/16 1:30:47 PM EST,Parents,G2g0b3,Non,"Famille, amis, collègues (etc.)"
2020/10/17 9:50:52 AM EST,Parents,G2g0b3,Non,"Famille, amis, collègues (etc.)"
2020/10/17 9:51:42 AM EST,Employé ,G3A 1N7,Non,"Famille, amis, collègues (etc.)"
2020/10/17 9:51:43 AM EST,Employé,G2E 6G4,Non,"Famille, amis, collègues (etc.)"
2020/10/17 9:52:33 AM EST,Collection ,G5z2c4,Non,"Famille, amis, collègues (etc.)"
2020/10/17 9:52:33 AM EST,Parents avec jeunes enfants,G2e6k5,Non,"Famille, amis, collègues (etc.)"
2020/10/17 9:52:34 AM EST,Grands-parents,G1j4z3,Non,"Réseaux sociaux (Facebook, Instagram...)"
2020/10/17 9:52:34 AM EST,Parents avec jeunes enfants,G1k8p6,Non,"Famille, amis, collègues (etc.)"
2020/10/17 9:52:35 AM EST,Parents avec jeunes enfants,G2b2v8,Non,"Famille, amis, collègues (etc.)"
2020/10/17 9:52:36 AM EST,Parents avec jeunes enfants,G1e5w3,Non,"Famille, amis, collègues (etc.)"
2020/10/17 9:52:37 AM EST,Parents,G0x3k0,Non,"Famille, amis, collègues (etc.)"
2020/10/17 9:52:37 AM EST,Parents,G7a4b7,Non,"Famille, amis, collègues (etc.)"
2020/10/17 9:52:39 AM EST,Grands-parents,G1x4v7,Non,"Famille, amis, collègues (etc.)"
2020/10/17 9:52:40 AM EST,"Corporatif (enseignants, service-de-garde, garderies, etc.)",G3b2c2,Non,"Réseaux sociaux (Facebook, Instagram...)"
2020/10/17 9:52:41 AM EST,Parents avec jeunes enfants,G1w2t3,Oui,"Famille, amis, collègues (etc.)"
2020/10/17 9:52:41 AM EST,Bénévoles ,G2e2e1,Non,"Famille, amis, collègues (etc.)"
2020/10/17 9:52:43 AM EST,Parents avec jeunes enfants,G1j2r9,Non,"Famille, amis, collègues (etc.)"
2020/10/17 9:52:44 AM EST,Parents avec jeunes enfants,G2g2l1,Non,Google 
2020/10/17 9:52:46 AM EST,Parents avec jeunes enfants,G1n3j8,Non,"Famille, amis, collègues (etc.)"
2020/10/17 9:52:47 AM EST,Grands-parents,G1p1e8,Non,"Famille, amis, collègues (etc.)"
2020/10/17 9:52:48 AM EST,Parents,G6z7y1,Non,"Réseaux sociaux (Facebook, Instagram...)"
2020/10/17 9:52:48 AM EST,Parents avec jeunes enfants,G1x3b6,Non,"Famille, amis, collègues (etc.)"
2020/10/17 9:52:49 AM EST,Parents avec jeunes enfants,G1j3a2,Non,"Famille, amis, collègues (etc.)"
2020/10/17 9:52:50 AM EST,Parents avec jeunes enfants,G3k0h3,Non,"Famille, amis, collègues (etc.)"
2020/10/17 9:52:50 AM EST,Grands-parents,G1y3v1,Non,Journaux
2020/10/17 9:52:55 AM EST,"Corporatif (enseignants, service-de-garde, garderies, etc.)",G1g5j7,Non,"Famille, amis, collègues (etc.)"
2020/10/17 9:52:55 AM EST,Parents avec jeunes enfants,G3l2n2,Oui,"Famille, amis, collègues (etc.)"
2020/10/17 9:52:56 AM EST,Parents avec jeunes enfants,G1e0e2,Non,"Famille, amis, collègues (etc.)"
2020/10/17 9:52:57 AM EST,Parents avec jeunes enfants,G1y2b5,Non,"Famille, amis, collègues (etc.)"
2020/10/17 9:52:57 AM EST,Parents avec jeunes enfants,G1w1s1,Non,Google 
2020/10/17 9:52:58 AM EST,Parents avec jeunes enfants,G1g0j3,Non,Google 
2020/10/17 9:52:59 AM EST,Parents avec jeunes enfants,G0a2r0,Non,"Famille, amis, collègues (etc.)"
2020/10/17 9:52:59 AM EST,"Corporatif (enseignants, service-de-garde, garderies, etc.)",G1w2w1,Non,"Famille, amis, collègues (etc.)"
2020/10/17 9:53:00 AM EST,Parents avec jeunes enfants,G6x2l4,Non,"Famille, amis, collègues (etc.)"
2020/10/17 9:53:00 AM EST,Grands-parents,G3a2s5,Non,Journaux 
2020/10/17 9:53:01 AM EST,Parents avec jeunes enfants,G1k2w2,Non,Radio
2020/10/17 9:53:02 AM EST,Grands-parents,G6w2a3,Oui,Google 
2020/10/17 9:53:03 AM EST,Parents avec jeunes enfants,G1s3a4,Non,Cherche jouets usagés 
2020/10/17 9:53:03 AM EST,Grands-parents,G2e4x6,Non,"Famille, amis, collègues (etc.)"
2020/10/17 9:53:04 AM EST,Parents avec jeunes enfants,G1y1m7,Non,"Famille, amis, collègues (etc.)"
2020/10/17 9:53:05 AM EST,Parents avec jeunes enfants,G1l1c2,Non,"Réseaux sociaux (Facebook, Instagram...)"
2020/10/20 9:43:17 AM EST,Grands-parents,G7a2a8,Non,"Famille, amis, collègues (etc.)"
2020/10/20 10:16:37 AM EST,"Corporatif (enseignants, service-de-garde, garderies, etc.)",G3c5c2,Non,"Famille, amis, collègues (etc.)"
2020/10/20 10:40:20 AM EST,Grands-parents,G6v8l3,Non,"Famille, amis, collègues (etc.)"
2020/10/20 11:01:52 AM EST,Parents avec jeunes enfants,G2g2b4,Non,"Réseaux sociaux (Facebook, Instagram...)"
2020/10/20 1:32:29 PM EST,Grands-parents,G1w4x9,Oui,"Famille, amis, collègues (etc.)"
2020/10/21 9:34:24 AM EST,Grands-parents,G1w4x9,Oui,"Famille, amis, collègues (etc.)"
2020/10/21 9:35:15 AM EST,Grands-parents,G1y3l7,Non,Journaux 
2020/10/21 9:40:01 AM EST,Parents avec jeunes enfants,G0a2r0,Oui,"Famille, amis, collègues (etc.)"
2020/10/21 9:55:25 AM EST,Parents avec jeunes enfants,G0a2r0,Oui,"Famille, amis, collègues (etc.)"
2020/10/21 9:56:29 AM EST,Parents avec jeunes enfants,G3k0s9,Non,"Famille, amis, collègues (etc.)"
2020/10/21 11:11:57 AM EST,Parents avec jeunes enfants,G1y1g9,Non,Radio
2020/10/21 11:17:35 AM EST,Grands-parents,G3l4l2,Non,"Famille, amis, collègues (etc.)"
2020/10/21 11:20:17 AM EST,Parents,G2g1l2,Non,"Événements (Conteneur de l'amour, parade des jouets, etc)"
2020/10/21 11:21:38 AM EST,Parents avec jeunes enfants,G3a1e9,Non,"Famille, amis, collègues (etc.)"
2020/10/21 11:36:57 AM EST,Parents avec jeunes enfants,G3a2b3,Non,"Famille, amis, collègues (etc.)"
2020/10/21 11:54:17 AM EST,Parents avec jeunes enfants,G6j1e8,Non,"Famille, amis, collègues (etc.)"
2020/10/21 1:07:38 PM EST,Parents avec jeunes enfants,G7a3l6,Non,Journaux 
2020/10/21 1:20:41 PM EST,Parents avec jeunes enfants,G1y3p4,Non,"Réseaux sociaux (Facebook, Instagram...)"
2020/10/21 1:26:36 PM EST,Collectionneur ,G1e4l5,Non,Google 
2020/10/22 9:35:04 AM EST,Collectionneur ,G1e4l5,Non,Google 
2020/10/22 9:35:35 AM EST,Parents avec jeunes enfants,G1p0b4,Non,"Famille, amis, collègues (etc.)"
2020/10/22 10:14:00 AM EST,Parents avec jeunes enfants,G2e6k3,Non,"Réseaux sociaux (Facebook, Instagram...)"
2020/10/22 10:14:48 AM EST,Parents avec jeunes enfants,G0s2w0,Non,"Famille, amis, collègues (etc.)"
2020/10/22 10:22:27 AM EST,Grands-parents,G3g2z1,Non,"Famille, amis, collègues (etc.)"
2020/10/22 10:41:03 AM EST,Parents avec jeunes enfants,G1g0h4,Oui,"Réseaux sociaux (Facebook, Instagram...)"
2020/10/22 10:50:25 AM EST,Parents avec jeunes enfants,G6v1b8,Non,"Famille, amis, collègues (etc.)"
2020/10/22 11:20:56 AM EST,Parents avec jeunes enfants,G3n0x9,Non,Radio
2020/10/22 11:52:04 AM EST,Parents avec jeunes enfants,G1x3t5,Non,En passant
2020/10/22 12:45:47 PM EST,Parents avec jeunes enfants,G1c4y8,Non,"Réseaux sociaux (Facebook, Instagram...)"
2020/10/22 1:23:51 PM EST,Parents avec jeunes enfants,G3h0e6,Oui,Google 
2020/10/22 1:51:42 PM EST,Parents avec jeunes enfants,G3e0e3,Non,Radio
2020/10/22 3:17:34 PM EST,Parents avec jeunes enfants,G1j3a5,Non,"Famille, amis, collègues (etc.)"
2020/10/23 9:20:29 AM EST,Parents avec jeunes enfants,G1j3a5,Non,"Famille, amis, collègues (etc.)"
2020/10/23 9:21:18 AM EST,"Corporatif (enseignants, service-de-garde, garderies, etc.)",G1j4w8,Oui,"Famille, amis, collègues (etc.)"
2020/10/23 9:26:58 AM EST,"Corporatif (enseignants, service-de-garde, garderies, etc.)",G0r1h0,Non,"Famille, amis, collègues (etc.)"
2020/10/23 9:42:11 AM EST,Parents avec jeunes enfants,G3e1c4,Non,"Famille, amis, collègues (etc.)"
2020/10/23 10:14:16 AM EST,Parents avec jeunes enfants,G0s2w0,Non,Radio
2020/10/23 10:28:10 AM EST,Grands-parents,G3k0t3,Non,"Famille, amis, collègues (etc.)"
2020/10/23 10:33:42 AM EST,Parents avec jeunes enfants,G1c4y8,Non,"Réseaux sociaux (Facebook, Instagram...)"
2020/10/23 10:34:34 AM EST,Parents avec jeunes enfants,G2c 1h9,Oui,Recherche internet pour faire don
2020/10/23 10:37:53 AM EST,"Corporatif (enseignants, service-de-garde, garderies, etc.)",G5y4s4,Non,"Famille, amis, collègues (etc.)"
2020/10/23 10:46:16 AM EST,Grands-parents,G6z2v5,Non,"Famille, amis, collègues (etc.)"
2020/10/23 10:50:17 AM EST,Parents avec jeunes enfants,G6x2h8,Non,TV
2020/10/23 10:53:07 AM EST,Grands-parents,G1j 2v4,Non,TV
2020/10/23 10:56:00 AM EST,Grands-parents,G3a 0a4,Non,"Famille, amis, collègues (etc.)"
2020/10/23 11:15:06 AM EST,Grands-parents,G3a2k9,Non,"Famille, amis, collègues (etc.)"
2020/10/23 11:19:53 AM EST,Parents avec jeunes enfants,G1p2s3,Non,"Famille, amis, collègues (etc.)"
2020/10/23 11:24:22 AM EST,Adulte,G6c 1a6,Non,"Événements (Conteneur de l'amour, parade des jouets, etc)"
2020/10/23 1:03:56 PM EST,"Corporatif (enseignants, service-de-garde, garderies, etc.)",G3a2s9,Non,"Famille, amis, collègues (etc.)"
2020/10/23 1:14:44 PM EST,Parents avec jeunes enfants,G1s3b1,Non,Google 
2020/10/23 2:08:47 PM EST,Parents avec jeunes enfants,G1x2n5,Non,Google 
2020/10/23 2:10:30 PM EST,Grands-parents,G2l1a5,Non,TV
2020/10/23 2:35:18 PM EST,Parents avec jeunes enfants,G1s1c7,Non,Google 
2020/10/23 3:05:02 PM EST,Parents avec jeunes enfants,G1y1y8,Non,"Famille, amis, collègues (etc.)"
2020/10/24 8:40:15 AM EST,Parents avec jeunes enfants,G1y1y8,Non,"Famille, amis, collègues (etc.)"
2020/10/24 8:40:17 AM EST,Parents avec jeunes enfants,G1s1c7,Non,Google 
2020/10/24 8:40:18 AM EST,Grands-parents,G2l1a5,Non,TV
2020/10/24 8:40:18 AM EST,Parents avec jeunes enfants,G1x2n5,Non,Google 
2020/10/24 8:40:19 AM EST,Parents avec jeunes enfants,G1s3b1,Non,Google 
2020/10/24 8:40:19 AM EST,"Corporatif (enseignants, service-de-garde, garderies, etc.)",G3a2s9,Non,"Famille, amis, collègues (etc.)"
2020/10/24 8:40:20 AM EST,Parents avec jeunes enfants,G1p2s3,Non,"Famille, amis, collègues (etc.)"
2020/10/24 8:40:21 AM EST,Grands-parents,G3a2k9,Non,"Famille, amis, collègues (etc.)"
2020/10/24 8:40:21 AM EST,Parents avec jeunes enfants,G6x2h8,Non,TV
2020/10/24 8:40:22 AM EST,Grands-parents,G6z2v5,Non,"Famille, amis, collègues (etc.)"
2020/10/24 8:40:22 AM EST,"Corporatif (enseignants, service-de-garde, garderies, etc.)",G5y4s4,Non,"Famille, amis, collègues (etc.)"
2020/10/24 8:40:23 AM EST,Grands-parents,G3k0t3,Non,"Famille, amis, collègues (etc.)"
2020/10/24 8:40:23 AM EST,Parents avec jeunes enfants,G0s2w0,Non,Radio
2020/10/24 8:40:24 AM EST,Parents avec jeunes enfants,G3e1c4,Non,"Famille, amis, collègues (etc.)"
2020/10/24 8:40:25 AM EST,"Corporatif (enseignants, service-de-garde, garderies, etc.)",G0r1h0,Non,"Famille, amis, collègues (etc.)"
2020/10/24 8:40:25 AM EST,"Corporatif (enseignants, service-de-garde, garderies, etc.)",G1j4w8,Oui,"Famille, amis, collègues (etc.)"
2020/10/24 8:40:26 AM EST,Parents avec jeunes enfants,G1j3a5,Non,"Famille, amis, collègues (etc.)"
2020/10/24 8:40:26 AM EST,Parents avec jeunes enfants,G3e0e3,Non,Radio
2020/10/24 8:40:27 AM EST,Parents avec jeunes enfants,G3h0e6,Oui,Google 
2020/10/24 8:40:30 AM EST,Parents avec jeunes enfants,G3n0x9,Non,Radio
2020/10/24 8:40:30 AM EST,Parents avec jeunes enfants,G6v1b8,Non,"Famille, amis, collègues (etc.)"
2020/10/24 8:40:32 AM EST,Parents avec jeunes enfants,G1g0h4,Oui,"Réseaux sociaux (Facebook, Instagram...)"
2020/10/24 8:40:33 AM EST,Grands-parents,G3g2z1,Non,"Famille, amis, collègues (etc.)"
2020/10/24 8:40:34 AM EST,Parents avec jeunes enfants,G0s2w0,Non,"Famille, amis, collègues (etc.)"
2020/10/24 8:40:34 AM EST,Parents avec jeunes enfants,G2e6k3,Non,"Réseaux sociaux (Facebook, Instagram...)"
2020/10/24 8:40:35 AM EST,Parents avec jeunes enfants,G1p0b4,Non,"Famille, amis, collègues (etc.)"
2020/10/24 8:40:35 AM EST,Collectionneur ,G1e4l5,Non,Google 
2020/10/24 8:40:36 AM EST,Parents avec jeunes enfants,G1y3p4,Non,"Réseaux sociaux (Facebook, Instagram...)"
2020/10/24 8:40:36 AM EST,Parents avec jeunes enfants,G7a3l6,Non,Journaux 
2020/10/24 8:40:37 AM EST,Parents avec jeunes enfants,G6j1e8,Non,"Famille, amis, collègues (etc.)"
2020/10/24 8:40:37 AM EST,Parents avec jeunes enfants,G3a2b3,Non,"Famille, amis, collègues (etc.)"
2020/10/24 8:40:38 AM EST,Parents avec jeunes enfants,G3a1e9,Non,"Famille, amis, collègues (etc.)"
2020/10/24 8:40:39 AM EST,Parents,G2g1l2,Non,"Événements (Conteneur de l'amour, parade des jouets, etc)"
2020/10/24 8:40:39 AM EST,Grands-parents,G3l4l2,Non,"Famille, amis, collègues (etc.)"
2020/10/24 8:40:40 AM EST,Parents avec jeunes enfants,G1y1g9,Non,Radio
2020/10/24 8:40:40 AM EST,Parents avec jeunes enfants,G3k0s9,Non,"Famille, amis, collègues (etc.)"
2020/10/24 8:40:41 AM EST,Parents avec jeunes enfants,G0a2r0,Oui,"Famille, amis, collègues (etc.)"
2020/10/24 8:40:42 AM EST,Grands-parents,G1y3l7,Non,Journaux 
2020/10/24 8:40:44 AM EST,Grands-parents,G1w4x9,Oui,"Famille, amis, collègues (etc.)"
2020/10/24 8:40:47 AM EST,Parents avec jeunes enfants,G2g2b4,Non,"Réseaux sociaux (Facebook, Instagram...)"
2020/10/24 8:40:48 AM EST,Grands-parents,G6v8l3,Non,"Famille, amis, collègues (etc.)"
2020/10/24 8:40:49 AM EST,"Corporatif (enseignants, service-de-garde, garderies, etc.)",G3c5c2,Non,"Famille, amis, collègues (etc.)"
2020/10/24 8:40:49 AM EST,Grands-parents,G7a2a8,Non,"Famille, amis, collègues (etc.)"
2020/10/24 11:33:08 AM EST,Parents avec jeunes enfants,G1b 1r7,Oui,"Famille, amis, collègues (etc.)"
2020/10/24 11:39:41 AM EST,"Corporatif (enseignants, service-de-garde, garderies, etc.)",G1g 6e7,Non,Radio
2020/10/24 11:45:29 AM EST,Parents avec jeunes enfants,G1b 3w6,Non,"Famille, amis, collègues (etc.)"
2020/10/24 11:59:25 AM EST,Parents,G2b 3t2,Non,Radio
2020/10/24 12:00:44 PM EST,Parents avec jeunes enfants,G1x3t5,Non,En passant
2020/10/24 12:00:55 PM EST,Parents avec jeunes enfants,G1l2w9,Oui,Radio
2020/10/24 12:00:56 PM EST,Parents avec jeunes enfants,G1x2n1,Oui,"Événements (Conteneur de l'amour, parade des jouets, etc)"
2020/10/24 12:07:22 PM EST,Grands-parents,G1b 2m3,Oui,"Famille, amis, collègues (etc.)"
2020/10/24 12:10:46 PM EST,Parents avec jeunes enfants,G0a 1h0,Oui,"Réseaux sociaux (Facebook, Instagram...)"
2020/10/24 2:15:18 PM EST,Grands-parents,G1w 2a3,Non,Vient depuis plusieurs annes
2020/10/24 2:43:26 PM EST,Parents avec jeunes enfants,G1p 1r9,Non,Ça fait vraiment longtemps
2020/10/27 9:55:29 AM EST,Parents,G1s3n3,Non,"Famille, amis, collègues (etc.)"
2020/10/27 10:12:26 AM EST,Parents avec jeunes enfants,G1x1b4,Non,"Réseaux sociaux (Facebook, Instagram...)"
2020/10/27 10:33:19 AM EST,Grands-parents,G2b4g3,Non,"Famille, amis, collègues (etc.)"
2020/10/27 10:38:04 AM EST,Parents avec jeunes enfants,G0a3b0,Oui,"Réseaux sociaux (Facebook, Instagram...)"
2020/10/27 11:02:11 AM EST,Grands-parents,G2k0j7,Non,"Famille, amis, collègues (etc.)"
2020/10/27 11:26:04 AM EST,Grands-parents,G2b4z8,Non,Google 
2020/10/27 11:44:34 AM EST,Parents avec jeunes enfants,G3k1b3,Non,"Réseaux sociaux (Facebook, Instagram...)"
2020/10/27 12:37:54 PM EST,Parents avec jeunes enfants,G1t0a7,Non,"Famille, amis, collègues (etc.)"
2020/10/27 12:45:24 PM EST,Grands-parents,G0s2a0,Non,"Réseaux sociaux (Facebook, Instagram...)"
2020/10/27 12:53:13 PM EST,Parents avec jeunes enfants,G2e2z5,Non,Radio
2020/10/27 1:02:51 PM EST,Grands-parents,G1r2j1,Non,"Famille, amis, collègues (etc.)"
2020/10/27 1:08:58 PM EST,Parents avec jeunes enfants,G6z8m9,Non,"Famille, amis, collègues (etc.)"
2020/10/27 2:03:01 PM EST,Parents avec jeunes enfants,G1l1e6,Non,"Famille, amis, collègues (etc.)"
2020/10/27 2:55:34 PM EST,Tante,G1v1t4,Oui,"Famille, amis, collègues (etc.)"
2020/10/28 9:11:15 AM EST,Tante,G1v1t4,Oui,"Famille, amis, collègues (etc.)"
2020/10/28 9:11:49 AM EST,Grands-parents,G3b0c1,Non,"Famille, amis, collègues (etc.)"
2020/10/28 9:21:07 AM EST,Parents avec jeunes enfants,G3s1h9,Non,"Famille, amis, collègues (etc.)"
2020/10/28 9:39:45 AM EST,Parents avec jeunes enfants,G6x2l4,Non,"Famille, amis, collègues (etc.)"
2020/10/28 9:42:45 AM EST,"Corporatif (enseignants, service-de-garde, garderies, etc.)",G3k0r2,Non,"Famille, amis, collègues (etc.)"
2020/10/28 10:19:14 AM EST,Grands-parents,G3a1b9,Non,"Famille, amis, collègues (etc.)"
2020/10/28 10:49:47 AM EST,Parents avec jeunes enfants,G2e2z5,Non,Radio
2020/10/28 10:50:11 AM EST,Parents avec jeunes enfants,G6j1b8,Non,"Famille, amis, collègues (etc.)"
2020/10/28 10:57:52 AM EST,Grands-parents,G2l2y8,Non,"Famille, amis, collègues (etc.)"
2020/10/28 11:16:53 AM EST,Parents avec jeunes enfants,G1t1a5,Non,"Famille, amis, collègues (etc.)"
2020/10/28 11:31:37 AM EST,Parents,G1w4x8,Non,TV
2020/10/28 1:03:52 PM EST,Grands-parents,G0r3e0,Non,En passant
2020/10/28 1:10:12 PM EST,Parents avec jeunes enfants,G7a2x9,Non,"Famille, amis, collègues (etc.)"
2020/10/28 1:13:47 PM EST,"Corporatif (enseignants, service-de-garde, garderies, etc.)",G1c7j5,Non,"Famille, amis, collègues (etc.)"
2020/10/28 1:19:04 PM EST,Parents avec jeunes enfants,G1p3z4,Non,"Famille, amis, collègues (etc.)"
2020/10/28 1:22:08 PM EST,Parents avec jeunes enfants,G2B0p2,Non,"Famille, amis, collègues (etc.)"
2020/10/28 1:53:41 PM EST,Grands-parents,G1v1e7,Non,"Famille, amis, collègues (etc.)"
2020/10/28 2:22:17 PM EST,Parents avec jeunes enfants,G6w3a5,Non,"Famille, amis, collègues (etc.)"
2020/10/28 2:30:10 PM EST,Parents avec jeunes enfants,G1k5p8,Non,Radio
2020/10/28 2:34:01 PM EST,Parents,G6c1a6,Non,Kiosques Fleur de Lys
2020/10/28 2:48:31 PM EST,"Corporatif (enseignants, service-de-garde, garderies, etc.)",G1m3v1,Non,"Famille, amis, collègues (etc.)"
2020/10/28 3:13:24 PM EST,Parents avec jeunes enfants,G1y3j3,Oui,"Réseaux sociaux (Facebook, Instagram...)"
2020/10/29 10:01:04 AM EST,Parents avec jeunes enfants,G1y3j3,Oui,"Réseaux sociaux (Facebook, Instagram...)"
2020/10/29 10:01:25 AM EST,Parents avec jeunes enfants,G1h5r1,Non,Radio
2020/10/29 10:14:22 AM EST,Parents avec jeunes enfants,G3h1v5,Oui,"Famille, amis, collègues (etc.)"
2020/10/29 10:17:36 AM EST,Parents avec jeunes enfants,G3a1c5,Non,"Famille, amis, collègues (etc.)"
2020/10/29 10:32:12 AM EST,Parents avec jeunes enfants,G3a1c5,Non,"Famille, amis, collègues (etc.)"
2020/10/29 10:32:35 AM EST,Parents avec jeunes enfants,G1s3x9,Non,"Famille, amis, collègues (etc.)"
2020/10/29 10:47:10 AM EST,"Corporatif (enseignants, service-de-garde, garderies, etc.)",G3k1j1,Non,"Famille, amis, collègues (etc.)"
2020/10/29 11:00:20 AM EST,Grands-parents,G1w4e5,Non,"Famille, amis, collègues (etc.)"
2020/10/29 11:32:32 AM EST,Parents,G2g1e6,Non,Contener 
2020/10/29 12:32:53 PM EST,Parents,G3a2l9,Non,"Famille, amis, collègues (etc.)"
2020/10/29 12:55:04 PM EST,Parents avec jeunes enfants,G6x2l4,Non,"Famille, amis, collègues (etc.)"
2020/10/29 1:07:19 PM EST,Parents avec jeunes enfants,G6w6r5,Oui,Radio
2020/10/29 1:11:11 PM EST,Parents avec jeunes enfants,G2B0p2,Non,"Famille, amis, collègues (etc.)"
2020/10/29 1:11:31 PM EST,Parents avec jeunes enfants,G2e1x8,Non,"Famille, amis, collègues (etc.)"
2020/10/29 1:40:20 PM EST,Parents avec jeunes enfants,G3g1k5,Non,"Famille, amis, collègues (etc.)"
2020/10/29 2:10:54 PM EST,Collection ,G6x1w7,Non,"Famille, amis, collègues (etc.)"
2020/10/29 2:19:29 PM EST,Parents avec jeunes enfants,G3g3g8,Non,"Réseaux sociaux (Facebook, Instagram...)"
2020/10/29 2:22:54 PM EST,Grands-parents,G0a2r0,Non,"Famille, amis, collègues (etc.)"
2020/10/29 2:51:02 PM EST,Grands-parents,G7a2a7,Oui,"Famille, amis, collègues (etc.)"
2020/10/29 3:06:07 PM EST,Grands-parents,G1s2r2,Non,"Famille, amis, collègues (etc.)"
2020/10/30 9:02:52 AM EST,Grands-parents,G1s2r2,Non,"Famille, amis, collègues (etc.)"
2020/10/30 9:35:33 AM EST,Parents avec jeunes enfants,G0s1z0,Oui,"Famille, amis, collègues (etc.)"
2020/10/30 9:58:55 AM EST,Parents avec jeunes enfants,G2e2t6,Non,Radio
2020/10/30 10:19:10 AM EST,Parents avec jeunes enfants,G1p1a8,Non,Radio
2020/10/30 10:32:05 AM EST,Parents avec jeunes enfants,G2n2l2,Non,"Famille, amis, collègues (etc.)"
2020/10/30 10:46:23 AM EST,Parents avec jeunes enfants,G2n2l2,Non,"Famille, amis, collègues (etc.)"
2020/10/30 10:46:51 AM EST,Parents avec jeunes enfants,G0a2y0,Oui,"Famille, amis, collègues (etc.)"
2020/10/30 11:18:12 AM EST,Parents avec jeunes enfants,G1c7p9,Non,Radio
2020/10/30 11:23:35 AM EST,"Corporatif (enseignants, service-de-garde, garderies, etc.)",G1h2n8,Non,"Famille, amis, collègues (etc.)"
2020/10/30 11:34:21 AM EST,Grands-parents,G2b2c6,Non,"Réseaux sociaux (Facebook, Instagram...)"
2020/10/30 11:48:45 AM EST,Parents avec jeunes enfants,G2e1x8,Non,"Famille, amis, collègues (etc.)"
2020/10/30 1:53:49 PM EST,Parents avec jeunes enfants,G1y2p2,Oui,"Famille, amis, collègues (etc.)"
2020/10/30 2:00:55 PM EST,Grands-parents,G7a4v5,Non,École 
2020/10/30 2:10:42 PM EST,Parents avec jeunes enfants,G6k1l5,Non,"Famille, amis, collègues (etc.)"
2020/10/30 2:34:12 PM EST,Parents avec jeunes enfants,G1y2r3,Non,"Réseaux sociaux (Facebook, Instagram...)"
2020/10/30 2:41:28 PM EST,Grands-parents,G1y3s1,Non,Radio
2020/10/30 2:48:18 PM EST,Parents avec jeunes enfants,G3h0c1,Oui,"Réseaux sociaux (Facebook, Instagram...)"
2020/10/31 8:58:48 AM EST,Grands-parents,G1y3s1,Non,Radio
2020/10/31 8:58:50 AM EST,Parents avec jeunes enfants,G1y2r3,Non,"Réseaux sociaux (Facebook, Instagram...)"
2020/10/31 8:58:51 AM EST,Parents avec jeunes enfants,G6k1l5,Non,"Famille, amis, collègues (etc.)"
2020/10/31 8:58:51 AM EST,Grands-parents,G7a4v5,Non,École 
2020/10/31 8:58:52 AM EST,Parents avec jeunes enfants,G1y2p2,Oui,"Famille, amis, collègues (etc.)"
2020/10/31 8:58:52 AM EST,Grands-parents,G2b2c6,Non,"Réseaux sociaux (Facebook, Instagram...)"
2020/10/31 8:58:53 AM EST,"Corporatif (enseignants, service-de-garde, garderies, etc.)",G1h2n8,Non,"Famille, amis, collègues (etc.)"
2020/10/31 8:58:53 AM EST,Parents avec jeunes enfants,G1c7p9,Non,Radio
2020/10/31 8:58:53 AM EST,Parents avec jeunes enfants,G0a2y0,Oui,"Famille, amis, collègues (etc.)"
2020/10/31 8:58:54 AM EST,Parents avec jeunes enfants,G2n2l2,Non,"Famille, amis, collègues (etc.)"
2020/10/31 8:58:54 AM EST,Parents avec jeunes enfants,G1p1a8,Non,Radio
2020/10/31 8:58:54 AM EST,Parents avec jeunes enfants,G2e2t6,Non,Radio
2020/10/31 8:58:57 AM EST,Parents avec jeunes enfants,G0s1z0,Oui,"Famille, amis, collègues (etc.)"
2020/10/31 8:58:57 AM EST,Grands-parents,G1s2r2,Non,"Famille, amis, collègues (etc.)"
2020/10/31 8:58:57 AM EST,Grands-parents,G7a2a7,Oui,"Famille, amis, collègues (etc.)"
2020/10/31 8:58:57 AM EST,Grands-parents,G0a2r0,Non,"Famille, amis, collègues (etc.)"
2020/10/31 8:58:58 AM EST,Parents avec jeunes enfants,G3g3g8,Non,"Réseaux sociaux (Facebook, Instagram...)"
2020/10/31 8:58:58 AM EST,Collection ,G6x1w7,Non,"Famille, amis, collègues (etc.)"
2020/10/31 8:58:58 AM EST,Parents avec jeunes enfants,G3g1k5,Non,"Famille, amis, collègues (etc.)"
2020/10/31 8:58:58 AM EST,Parents avec jeunes enfants,G6w6r5,Oui,Radio
2020/10/31 8:58:59 AM EST,Parents,G3a2l9,Non,"Famille, amis, collègues (etc.)"
2020/10/31 8:59:00 AM EST,"Corporatif (enseignants, service-de-garde, garderies, etc.)",G3k1j1,Non,"Famille, amis, collègues (etc.)"
2020/10/31 8:59:00 AM EST,Parents avec jeunes enfants,G1s3x9,Non,"Famille, amis, collègues (etc.)"
2020/10/31 8:59:00 AM EST,Parents avec jeunes enfants,G3a1c5,Non,"Famille, amis, collègues (etc.)"
2020/10/31 8:59:00 AM EST,Parents avec jeunes enfants,G3h1v5,Oui,"Famille, amis, collègues (etc.)"
2020/10/31 8:59:01 AM EST,Parents avec jeunes enfants,G1y3j3,Oui,"Réseaux sociaux (Facebook, Instagram...)"
2020/10/31 8:59:01 AM EST,Parents,G6c1a6,Non,Kiosques Fleur de Lys
2020/10/31 8:59:01 AM EST,Parents avec jeunes enfants,G6w3a5,Non,"Famille, amis, collègues (etc.)"
2020/10/31 8:59:02 AM EST,Grands-parents,G1v1e7,Non,"Famille, amis, collègues (etc.)"
2020/10/31 8:59:02 AM EST,Parents avec jeunes enfants,G1p3z4,Non,"Famille, amis, collègues (etc.)"
2020/10/31 8:59:02 AM EST,"Corporatif (enseignants, service-de-garde, garderies, etc.)",G1c7j5,Non,"Famille, amis, collègues (etc.)"
2020/10/31 8:59:02 AM EST,Parents avec jeunes enfants,G7a2x9,Non,"Famille, amis, collègues (etc.)"
2020/10/31 8:59:02 AM EST,Grands-parents,G0r3e0,Non,En passant
2020/10/31 8:59:03 AM EST,Parents,G1w4x8,Non,TV
2020/10/31 8:59:04 AM EST,Parents avec jeunes enfants,G1t1a5,Non,"Famille, amis, collègues (etc.)"
2020/10/31 8:59:05 AM EST,Grands-parents,G2l2y8,Non,"Famille, amis, collègues (etc.)"
2020/10/31 8:59:05 AM EST,Grands-parents,G3a1b9,Non,"Famille, amis, collègues (etc.)"
2020/10/31 8:59:05 AM EST,"Corporatif (enseignants, service-de-garde, garderies, etc.)",G3k0r2,Non,"Famille, amis, collègues (etc.)"
2020/10/31 8:59:06 AM EST,Parents avec jeunes enfants,G6x2l4,Non,"Famille, amis, collègues (etc.)"
2020/10/31 8:59:06 AM EST,Parents avec jeunes enfants,G3s1h9,Non,"Famille, amis, collègues (etc.)"
2020/10/31 8:59:06 AM EST,Grands-parents,G3b0c1,Non,"Famille, amis, collègues (etc.)"
2020/10/31 8:59:06 AM EST,Tante,G1v1t4,Oui,"Famille, amis, collègues (etc.)"
2020/10/31 8:59:07 AM EST,Parents avec jeunes enfants,G1l1e6,Non,"Famille, amis, collègues (etc.)"
2020/10/31 8:59:07 AM EST,Grands-parents,G1r2j1,Non,"Famille, amis, collègues (etc.)"
2020/10/31 8:59:08 AM EST,Grands-parents,G0s2a0,Non,"Réseaux sociaux (Facebook, Instagram...)"
2020/10/31 8:59:08 AM EST,Parents avec jeunes enfants,G3h0c1,Oui,"Réseaux sociaux (Facebook, Instagram...)"
2020/10/31 8:59:09 AM EST,Parents avec jeunes enfants,G1t0a7,Non,"Famille, amis, collègues (etc.)"
2020/10/31 8:59:09 AM EST,Parents avec jeunes enfants,G3k1b3,Non,"Réseaux sociaux (Facebook, Instagram...)"
2020/10/31 8:59:09 AM EST,Grands-parents,G2b4z8,Non,Google 
2020/10/31 8:59:09 AM EST,Grands-parents,G2k0j7,Non,"Famille, amis, collègues (etc.)"
2020/10/31 8:59:11 AM EST,Parents avec jeunes enfants,G2e1x8,Non,"Famille, amis, collègues (etc.)"
2020/10/31 8:59:11 AM EST,Parents avec jeunes enfants,G0a3b0,Oui,"Réseaux sociaux (Facebook, Instagram...)"
2020/10/31 8:59:11 AM EST,Parents avec jeunes enfants,G2B0p2,Non,"Famille, amis, collègues (etc.)"
2020/10/31 8:59:12 AM EST,Parents avec jeunes enfants,G6j1b8,Non,"Famille, amis, collègues (etc.)"
2020/10/31 8:59:13 AM EST,Parents avec jeunes enfants,G2e2z5,Non,Radio
2020/10/31 8:59:13 AM EST,Grands-parents,G2b4g3,Non,"Famille, amis, collègues (etc.)"
2020/10/31 8:59:14 AM EST,Parents avec jeunes enfants,G1x1b4,Non,"Réseaux sociaux (Facebook, Instagram...)"
2020/10/31 8:59:14 AM EST,Parents avec jeunes enfants,G1x2n1,Oui,"Événements (Conteneur de l'amour, parade des jouets, etc)"
2020/10/31 8:59:15 AM EST,Parents,G1s3n3,Non,"Famille, amis, collègues (etc.)"
2020/10/31 9:20:17 AM EST,Parents,G1p 2s7,Non,"Événements (Conteneur de l'amour, parade des jouets, etc)"
2020/10/31 9:54:31 AM EST,Parents,G3b 0z8,Non,"Famille, amis, collègues (etc.)"
2020/10/31 10:02:03 AM EST,Parents avec jeunes enfants,G1g 4x6,Non,"Famille, amis, collègues (etc.)"
2020/10/31 10:27:33 AM EST,Grands-parents,G1m 1n7,Non,Par l’enseigne du magasin
2020/10/31 10:34:55 AM EST,Parents avec jeunes enfants,G1F a26,Oui,"Famille, amis, collègues (etc.)"
2020/10/31 10:37:13 AM EST,Parents avec jeunes enfants,G1R 2N4,Non,"Réseaux sociaux (Facebook, Instagram...)"
2020/10/31 10:40:17 AM EST,Parents,G1s 1b6,Non,"Famille, amis, collègues (etc.)"
2020/10/31 11:07:56 AM EST,Grands-parents,G1y 3t4,Non,"Famille, amis, collègues (etc.)"
2020/10/31 11:14:34 AM EST,Parents avec jeunes enfants,G0A1H0,Oui,"Réseaux sociaux (Facebook, Instagram...)"
2020/10/31 11:15:29 AM EST,Parents avec jeunes enfants,G7a 3c4,Non,"Famille, amis, collègues (etc.)"
2020/10/31 11:17:20 AM EST,Parents,G1l 2m5,Oui,"Réseaux sociaux (Facebook, Instagram...)"
2020/10/31 11:24:38 AM EST,Parents avec jeunes enfants,G1h 3a8,Non,"Famille, amis, collègues (etc.)"
2020/10/31 11:35:10 AM EST,Parents,G3k 2v7,Non,"Famille, amis, collègues (etc.)"
2020/10/31 12:40:19 PM EST,Parents,G1y 2s3,Non,Journal
2020/10/31 1:03:37 PM EST,"Corporatif (enseignants, service-de-garde, garderies, etc.)",G3k 2c7,Non,"Réseaux sociaux (Facebook, Instagram...)"
2020/10/31 1:15:59 PM EST,Grands-parents,G1r 1n4,Oui,"Famille, amis, collègues (etc.)"
2020/10/31 1:18:10 PM EST,"Corporatif (enseignants, service-de-garde, garderies, etc.)",G1w 2a5,Non,"Famille, amis, collègues (etc.)"
2020/10/31 1:32:26 PM EST,Parents,G0s 2w0,Non,"Événements (Conteneur de l'amour, parade des jouets, etc)"
2020/10/31 1:42:24 PM EST,"Corporatif (enseignants, service-de-garde, garderies, etc.)",G1y 2k8,Non,"Famille, amis, collègues (etc.)"
2020/10/31 2:19:37 PM EST,Parents avec jeunes enfants,G1k 2n9,Oui,Recherche google
2020/10/31 2:45:57 PM EST,Parents,G1x 4j4,Non,Recherche Google 
2020/10/31 2:55:36 PM EST,Parents avec jeunes enfants,G1h 2n1,Oui,"Famille, amis, collègues (etc.)"
2020/11/03 11:32:05 AM EST,Grands-parents,G0a1l0,Non,"Réseaux sociaux (Facebook, Instagram...)"
2020/11/03 11:45:11 AM EST,Parents avec jeunes enfants,G2a4a2,Non,"Réseaux sociaux (Facebook, Instagram...)"
2020/11/03 11:49:10 AM EST,Parents avec jeunes enfants,G2c1k4,Non,Radio
2020/11/03 11:52:58 AM EST,Parents avec jeunes enfants,G0a4v0,Non,"Famille, amis, collègues (etc.)"
2020/11/03 12:04:16 PM EST,Parents avec jeunes enfants,G2g0c2,Non,"Événements (Conteneur de l'amour, parade des jouets, etc)"
2020/11/03 12:15:01 PM EST,Parents avec jeunes enfants,G1y2b2,Non,"Famille, amis, collègues (etc.)"
2020/11/03 12:21:00 PM EST,Parents avec jeunes enfants,G1s3y1,Non,Google 
2020/11/03 12:41:26 PM EST,Grands-parents,G1c7e6,Non,"Famille, amis, collègues (etc.)"
2020/11/03 12:47:58 PM EST,Parents avec jeunes enfants,G7a3w9,Non,Bénévolat avec son travail 
2020/11/03 1:53:17 PM EST,Parents avec jeunes enfants,G3h0h4,Non,Radio
2020/11/03 2:00:43 PM EST,Parents avec jeunes enfants,G0s1z0,Non,"Famille, amis, collègues (etc.)"
2020/11/03 2:02:38 PM EST,Grands-parents,G2b3n4,Non,"Famille, amis, collègues (etc.)"
2020/11/03 2:05:37 PM EST,Parents avec jeunes enfants,G1y2b8,Non,"Famille, amis, collègues (etc.)"
2020/11/03 3:47:40 PM EST,"Corporatif (enseignants, service-de-garde, garderies, etc.)",G1j4v8,Oui,"Événements (Conteneur de l'amour, parade des jouets, etc)"
2020/11/03 4:04:23 PM EST,Parents avec jeunes enfants,G3a2w1,Non,Journaux 
2020/11/04 10:31:07 AM EST,Parents avec jeunes enfants,G3a2w1,Non,Journaux 
2020/11/04 10:31:27 AM EST,Grands-parents,G1b2a1,Non,"Famille, amis, collègues (etc.)"
2020/11/04 11:59:22 AM EST,Parents avec jeunes enfants,G2l3c3,Non,"Réseaux sociaux (Facebook, Instagram...)"
2020/11/04 12:23:37 PM EST,Parents avec jeunes enfants,G3h1s4,Non,Lucie
2020/11/04 1:58:48 PM EST,Grands-parents,G1y3s1,Non,"Réseaux sociaux (Facebook, Instagram...)"
2020/11/04 2:25:11 PM EST,Collectionneur ,G2l2r7,Non,"Famille, amis, collègues (etc.)"
2020/11/04 2:30:17 PM EST,Parents avec jeunes enfants,G1k3g8,Oui,Radio
2020/11/04 2:30:38 PM EST,"Corporatif (enseignants, service-de-garde, garderies, etc.)",G1m3k7,Non,"Famille, amis, collègues (etc.)"
2020/11/04 2:39:07 PM EST,Parents avec jeunes enfants,G3s0w8,Oui,"Famille, amis, collègues (etc.)"
2020/11/04 2:43:28 PM EST,Tante,G2c1z6,Non,Radio
2020/11/04 2:52:31 PM EST,Parents avec jeunes enfants,G1e4h5,Oui,
2020/11/04 3:40:04 PM EST,Grands-parents,G2k1v4,Non,Collecte de jouets avec son travail 
2020/11/04 4:06:47 PM EST,Parents avec jeunes enfants,G2b2l3,Non,"Famille, amis, collègues (etc.)"
2020/11/05 10:41:35 AM EST,Grands-parents,G2k1v4,Non,Collecte de jouets avec son travail 
2020/11/05 10:42:21 AM EST,Grands-parents,G7a1l2,Non,Radio
2020/11/05 10:47:11 AM EST,Parents avec jeunes enfants,G2b2l3,Non,"Famille, amis, collègues (etc.)"
2020/11/05 10:48:02 AM EST,Grands-parents,G6z8g2,Non,Bénévole intact
2020/11/05 10:53:23 AM EST,Parents avec jeunes enfants,G1h5g6,Non,"Événements (Conteneur de l'amour, parade des jouets, etc)"
2020/11/05 11:03:31 AM EST,Parents avec jeunes enfants,G1g6c6,Non,"Famille, amis, collègues (etc.)"
2020/11/05 11:15:41 AM EST,Parents avec jeunes enfants,G1j4r5,Non,"Famille, amis, collègues (etc.)"
2020/11/05 11:26:00 AM EST,Parents avec jeunes enfants,G2l2s1,Non,"Famille, amis, collègues (etc.)"
2020/11/05 12:03:25 PM EST,Parents avec jeunes enfants,G0a3z0,Non,"Réseaux sociaux (Facebook, Instagram...)"
2020/11/05 12:10:36 PM EST,Parents avec jeunes enfants,G0s2c0,Non,"Famille, amis, collègues (etc.)"
2020/11/05 12:13:34 PM EST,Grands-parents,G1x2m3,Non,"Famille, amis, collègues (etc.)"
2020/11/05 12:16:48 PM EST,Oncle,G/1v0g5,Non,"Famille, amis, collègues (etc.)"
2020/11/05 1:52:20 PM EST,Parents avec jeunes enfants,G3a0a2,Non,"Famille, amis, collègues (etc.)"
2020/11/05 2:10:11 PM EST,Parents avec jeunes enfants,G3a0a3,Non,Radio
2020/11/05 2:15:17 PM EST,Parents avec jeunes enfants,G1c4b1,Non,Radio
2020/11/05 2:26:47 PM EST,Parents avec jeunes enfants,G1y1z8,Oui,Vu en passant
2020/11/06 10:41:26 AM EST,Parents avec jeunes enfants,G1y1z8,Oui,Vu en passant
2020/11/06 10:42:06 AM EST,Grands-parents,G1x2m3,Non,"Famille, amis, collègues (etc.)"
2020/11/06 10:42:12 AM EST,Parents avec jeunes enfants,G1j1a6,Oui,"Famille, amis, collègues (etc.)"
2020/11/06 10:42:48 AM EST,Parents avec jeunes enfants,G6V 9N3,Non,"Réseaux sociaux (Facebook, Instagram...)"
2020/11/06 10:45:33 AM EST,Parents avec jeunes enfants,G3B 2A6,Non,"Famille, amis, collègues (etc.)"
2020/11/06 10:48:29 AM EST,Grands-parents,G1t1l6,Oui,"Famille, amis, collègues (etc.)"
2020/11/06 11:08:08 AM EST,Parents avec jeunes enfants,G0a2r0,Non,"Famille, amis, collègues (etc.)"
2020/11/06 11:17:06 AM EST,Parents avec jeunes enfants,G6z2m4,Non,"Famille, amis, collègues (etc.)"
2020/11/06 11:29:12 AM EST,Parents avec jeunes enfants,G1w0b4,Non,Étude sur nous
2020/11/06 12:09:41 PM EST,Parents avec jeunes enfants,G1w0b4,Non,Étude sur nous
2020/11/06 12:10:16 PM EST,Parents avec jeunes enfants,G1g1p5,Non,TV
2020/11/06 12:14:03 PM EST,Colectionneur,G6C 2J7,Non,Internet
2020/11/06 12:30:30 PM EST,Parents avec jeunes enfants,G1w2z5,Non,"Famille, amis, collègues (etc.)"
2020/11/06 12:52:06 PM EST,Grands-parents,G3a1w8,Non,Journaux 
2020/11/06 1:51:30 PM EST,Amie,G0s1z0,Non,"Famille, amis, collègues (etc.)"
2020/11/06 2:10:39 PM EST,Parents avec jeunes enfants,G1r2s6,Non,"Famille, amis, collègues (etc.)"
2020/11/06 2:14:52 PM EST,Parents avec jeunes enfants,G3n2z9,Non,Google 
2020/11/06 2:18:10 PM EST,Parents avec jeunes enfants,G1v2t5,Oui,"Famille, amis, collègues (etc.)"
2020/11/06 2:22:59 PM EST,Parents avec jeunes enfants,G2c1r7,Non,"Réseaux sociaux (Facebook, Instagram...)"
2020/11/06 2:25:30 PM EST,Parents avec jeunes enfants,G6z1m5,Non,"Famille, amis, collègues (etc.)"
2020/11/06 2:28:11 PM EST,Parents avec jeunes enfants,G7a2e5,Oui,"Événements (Conteneur de l'amour, parade des jouets, etc)"
2020/11/06 3:07:10 PM EST,Parents avec jeunes enfants,G2 a4e3,Oui,"Famille, amis, collègues (etc.)"
2020/11/06 3:34:54 PM EST,Grands-parents,G3a0n2,Non,TV
2020/11/06 3:46:16 PM EST,Parents avec jeunes enfants,G0 a4e0,Non,"Famille, amis, collègues (etc.)"
2020/11/06 3:59:11 PM EST,Parents avec jeunes enfants,G1v1h9,Non,"Famille, amis, collègues (etc.)"
2020/11/07 9:42:02 AM EST,Parents avec jeunes enfants,G1v1h9,Non,"Famille, amis, collègues (etc.)"
2020/11/07 9:42:09 AM EST,Parents avec jeunes enfants,G0 a4e0,Non,"Famille, amis, collègues (etc.)"
2020/11/07 9:42:10 AM EST,Grands-parents,G3a0n2,Non,TV
2020/11/07 9:42:10 AM EST,Parents avec jeunes enfants,G2 a4e3,Oui,"Famille, amis, collègues (etc.)"
2020/11/07 9:42:11 AM EST,Parents avec jeunes enfants,G7a2e5,Oui,"Événements (Conteneur de l'amour, parade des jouets, etc)"
2020/11/07 9:42:11 AM EST,Parents avec jeunes enfants,G6z1m5,Non,"Famille, amis, collègues (etc.)"
2020/11/07 9:42:12 AM EST,Parents avec jeunes enfants,G2c1r7,Non,"Réseaux sociaux (Facebook, Instagram...)"
2020/11/07 9:42:13 AM EST,Parents avec jeunes enfants,G1v2t5,Oui,"Famille, amis, collègues (etc.)"
2020/11/07 9:42:15 AM EST,Parents avec jeunes enfants,G3n2z9,Non,Google 
2020/11/07 9:42:15 AM EST,Parents avec jeunes enfants,G1r2s6,Non,"Famille, amis, collègues (etc.)"
2020/11/07 9:42:16 AM EST,Amie,G0s1z0,Non,"Famille, amis, collègues (etc.)"
2020/11/07 9:42:17 AM EST,Grands-parents,G3a1w8,Non,Journaux 
2020/11/07 9:42:17 AM EST,Parents avec jeunes enfants,G1w2z5,Non,"Famille, amis, collègues (etc.)"
2020/11/07 9:42:18 AM EST,Parents avec jeunes enfants,G1g1p5,Non,TV
2020/11/07 9:42:18 AM EST,Parents avec jeunes enfants,G1w0b4,Non,Étude sur nous
2020/11/07 9:42:19 AM EST,Parents avec jeunes enfants,G6z2m4,Non,"Famille, amis, collègues (etc.)"
2020/11/07 9:42:19 AM EST,Parents avec jeunes enfants,G0a2r0,Non,"Famille, amis, collègues (etc.)"
2020/11/07 9:42:20 AM EST,Grands-parents,G1t1l6,Oui,"Famille, amis, collègues (etc.)"
2020/11/07 9:42:20 AM EST,Parents avec jeunes enfants,G1j1a6,Oui,"Famille, amis, collègues (etc.)"
2020/11/07 9:42:21 AM EST,Parents avec jeunes enfants,G1c4b1,Non,Radio
2020/11/07 9:42:22 AM EST,Parents avec jeunes enfants,G3a0a3,Non,Radio
2020/11/07 9:42:22 AM EST,Parents avec jeunes enfants,G3a0a2,Non,"Famille, amis, collègues (etc.)"
2020/11/07 9:42:23 AM EST,Oncle,G/1v0g5,Non,"Famille, amis, collègues (etc.)"
2020/11/07 9:42:23 AM EST,Parents avec jeunes enfants,G0s2c0,Non,"Famille, amis, collègues (etc.)"
2020/11/07 9:42:24 AM EST,Parents avec jeunes enfants,G0a3z0,Non,"Réseaux sociaux (Facebook, Instagram...)"
2020/11/07 9:42:24 AM EST,Parents avec jeunes enfants,G2l2s1,Non,"Famille, amis, collègues (etc.)"
2020/11/07 9:42:25 AM EST,Parents avec jeunes enfants,G1j4r5,Non,"Famille, amis, collègues (etc.)"
2020/11/07 9:42:26 AM EST,Parents avec jeunes enfants,G1g6c6,Non,"Famille, amis, collègues (etc.)"
2020/11/07 9:42:26 AM EST,Parents avec jeunes enfants,G1h5g6,Non,"Événements (Conteneur de l'amour, parade des jouets, etc)"
2020/11/07 9:42:27 AM EST,Grands-parents,G7a1l2,Non,Radio
2020/11/07 9:42:27 AM EST,Grands-parents,G2k1v4,Non,Collecte de jouets avec son travail 
2020/11/07 9:42:28 AM EST,Tante,G2c1z6,Non,Radio
2020/11/07 9:42:29 AM EST,Parents avec jeunes enfants,G3s0w8,Oui,"Famille, amis, collègues (etc.)"
2020/11/07 9:42:29 AM EST,"Corporatif (enseignants, service-de-garde, garderies, etc.)",G1m3k7,Non,"Famille, amis, collègues (etc.)"
2020/11/07 9:42:30 AM EST,Collectionneur ,G2l2r7,Non,"Famille, amis, collègues (etc.)"
2020/11/07 9:42:30 AM EST,Grands-parents,G1y3s1,Non,"Réseaux sociaux (Facebook, Instagram...)"
2020/11/07 9:42:40 AM EST,Parents avec jeunes enfants,G3h1s4,Non,Lucie
2020/11/07 9:42:46 AM EST,Parents avec jeunes enfants,G2l3c3,Non,"Réseaux sociaux (Facebook, Instagram...)"
2020/11/07 9:42:47 AM EST,Grands-parents,G1b2a1,Non,"Famille, amis, collègues (etc.)"
2020/11/07 9:42:48 AM EST,Parents avec jeunes enfants,G3a2w1,Non,Journaux 
2020/11/07 9:42:48 AM EST,"Corporatif (enseignants, service-de-garde, garderies, etc.)",G1j4v8,Oui,"Événements (Conteneur de l'amour, parade des jouets, etc)"
2020/11/07 9:42:50 AM EST,Parents avec jeunes enfants,G1y2b8,Non,"Famille, amis, collègues (etc.)"
2020/11/07 9:42:51 AM EST,Grands-parents,G2b3n4,Non,"Famille, amis, collègues (etc.)"
2020/11/07 9:42:51 AM EST,Parents avec jeunes enfants,G0s1z0,Non,"Famille, amis, collègues (etc.)"
2020/11/07 9:42:52 AM EST,Parents avec jeunes enfants,G3h0h4,Non,Radio
2020/11/07 9:42:53 AM EST,Parents avec jeunes enfants,G7a3w9,Non,Bénévolat avec son travail 
2020/11/07 9:42:53 AM EST,Grands-parents,G1c7e6,Non,"Famille, amis, collègues (etc.)"
2020/11/07 9:42:54 AM EST,Parents avec jeunes enfants,G1s3y1,Non,Google 
2020/11/07 9:42:55 AM EST,Parents avec jeunes enfants,G1y2b2,Non,"Famille, amis, collègues (etc.)"
2020/11/07 9:42:55 AM EST,Parents avec jeunes enfants,G2g0c2,Non,"Événements (Conteneur de l'amour, parade des jouets, etc)"
2020/11/07 9:42:56 AM EST,Parents avec jeunes enfants,G0a4v0,Non,"Famille, amis, collègues (etc.)"
2020/11/07 9:42:57 AM EST,Parents avec jeunes enfants,G2c1k4,Non,Radio
2020/11/07 9:42:58 AM EST,Parents avec jeunes enfants,G2a4a2,Non,"Réseaux sociaux (Facebook, Instagram...)"
2020/11/07 9:42:59 AM EST,Grands-parents,G0a1l0,Non,"Réseaux sociaux (Facebook, Instagram...)"
2020/11/07 11:46:03 AM EST,Colectionneur,G6C 2J7,Non,Internet
2020/11/07 11:47:06 AM EST,Parents avec jeunes enfants,G3B 2A6,Non,"Famille, amis, collègues (etc.)"
2020/11/07 11:47:07 AM EST,Grands-parents,G1x2m3,Non,"Famille, amis, collègues (etc.)"
2020/11/07 11:47:08 AM EST,Grands-parents,G6z8g2,Non,Bénévole intact
2020/11/07 11:47:10 AM EST,Parents avec jeunes enfants,G1k3g8,Oui,Radio
2020/11/07 2:56:54 PM EST,Parents avec jeunes enfants,G0S 2P0,Non,"Famille, amis, collègues (etc.)"
2020/11/10 10:35:26 AM EST,Parents avec jeunes enfants,G1y2t1,Non,"Famille, amis, collègues (etc.)"
2020/11/10 10:39:58 AM EST,Grands-parents,G1x2w8,Non,"Famille, amis, collègues (etc.)"
2020/11/10 10:42:25 AM EST,Parents avec jeunes enfants,G7a2e7,Non,"Famille, amis, collègues (etc.)"
2020/11/10 10:55:14 AM EST,Parents avec jeunes enfants,G6v5k5,Oui,"Famille, amis, collègues (etc.)"
2020/11/10 10:59:32 AM EST,Parents avec jeunes enfants,G1y1s4,Non,Radio
2020/11/10 11:04:43 AM EST,Parents avec jeunes enfants,G1l4e4,Oui,"Famille, amis, collègues (etc.)"
2020/11/10 11:07:34 AM EST,Grands-parents,G1y1y7,Non,"Famille, amis, collègues (etc.)"
2020/11/10 11:09:31 AM EST,Parents avec jeunes enfants,G1p2p5,Non,"Réseaux sociaux (Facebook, Instagram...)"
2020/11/10 11:23:14 AM EST,Parents avec jeunes enfants,G3j1a6,Non,Radio
2020/11/10 11:26:08 AM EST,Parents avec jeunes enfants,G2b2y7,Non,En passant 
2020/11/10 12:05:31 PM EST,Parents avec jeunes enfants,G2e4p8,Non,En passant 
2020/11/10 12:20:09 PM EST,Parents,G1w4n1,Non,Elle a fait du bénévolat
2020/11/10 12:33:52 PM EST,Parents avec jeunes enfants,G1l2m8,Non,En passant 
2020/11/10 12:40:13 PM EST,Grands-parents,G3k1w9,Non,A fleur de lys 
2020/11/10 12:45:37 PM EST,Parents avec jeunes enfants,G1h4e9,Non,"Famille, amis, collègues (etc.)"
2020/11/10 1:01:23 PM EST,Parents avec jeunes enfants,G0S 2P0,Non,"Famille, amis, collègues (etc.)"
2020/11/10 1:01:39 PM EST,Parents avec jeunes enfants,G6z7g9,Non,Radio
2020/11/10 2:16:03 PM EST,Parents avec jeunes enfants,G2e6l9,Non,Google 
2020/11/10 2:24:34 PM EST,Parents avec jeunes enfants,G0s2e0,Oui,"Réseaux sociaux (Facebook, Instagram...)"
2020/11/10 2:36:40 PM EST,Grands-parents,G2g1m2,Non,Radio
2020/11/11 10:31:51 AM EST,Parents avec jeunes enfants,G2a1l7,Oui,"Famille, amis, collègues (etc.)"
2020/11/11 11:01:35 AM EST,Parents avec jeunes enfants,G6k1e8,Non,"Événements (Conteneur de l'amour, parade des jouets, etc)"
2020/11/11 11:04:52 AM EST,Grands-parents,G6w0n9,Non,"Famille, amis, collègues (etc.)"
2020/11/11 11:19:36 AM EST,Parents avec jeunes enfants,G7a4m6,Non,"Famille, amis, collègues (etc.)"
2020/11/11 11:26:53 AM EST,Grands-parents,G0r1c0,Non,"Famille, amis, collègues (etc.)"
2020/11/11 11:42:51 AM EST,Parents avec jeunes enfants,G0a1h0,Oui,"Réseaux sociaux (Facebook, Instagram...)"
2020/11/11 11:47:58 AM EST,Parents avec jeunes enfants,G7a3g4,Non,"Famille, amis, collègues (etc.)"
2020/11/11 12:00:35 PM EST,Grands-parents,G1c7x2,Non,Radio
2020/11/11 12:30:54 PM EST,"Corporatif (enseignants, service-de-garde, garderies, etc.)",G2k0j2,Non,"Réseaux sociaux (Facebook, Instagram...)"
2020/11/11 12:37:13 PM EST,Parents avec jeunes enfants,G0a3k0,Non,"Famille, amis, collègues (etc.)"
2020/11/11 1:05:07 PM EST,Parents avec jeunes enfants,G6v7m8,Oui,"Famille, amis, collègues (etc.)"
2020/11/11 1:23:36 PM EST,Grands-parents,G3a1w8,Non,"Famille, amis, collègues (etc.)"
2020/11/11 1:56:19 PM EST,Grands-parents,G1y3p3,Non,En passant 
2020/11/11 1:59:45 PM EST,Grands-parents,G2g1z9,Non,"Événements (Conteneur de l'amour, parade des jouets, etc)"
2020/11/11 2:27:06 PM EST,Parents avec jeunes enfants,G1e5w1,Non,"Événements (Conteneur de l'amour, parade des jouets, etc)"
2020/11/11 2:59:09 PM EST,Parents avec jeunes enfants,G1c6t9,Non,"Famille, amis, collègues (etc.)"
2020/11/11 3:10:57 PM EST,Parents avec jeunes enfants,G2b4r2,Non,"Famille, amis, collègues (etc.)"
2020/11/11 3:16:51 PM EST,Grands-parents,G2b4r2,Non,"Famille, amis, collègues (etc.)"
2020/11/11 3:19:21 PM EST,Grands-parents,G6e1w1,Oui,"Famille, amis, collègues (etc.)"
2020/11/11 4:00:43 PM EST,Grands-parents,G1b3w9,Non,Un autre organisme 
2020/11/12 10:28:25 AM EST,Grands-parents,G1b3w9,Non,Un autre organisme 
2020/11/12 10:29:06 AM EST,Grands-parents,G2a319,Non,"Réseaux sociaux (Facebook, Instagram...)"
2020/11/12 10:48:46 AM EST,Parents avec jeunes enfants,G1y1a2,Non,"Famille, amis, collègues (etc.)"
2020/11/12 10:53:41 AM EST,Grands-parents,G1x5a1,Oui,"Famille, amis, collègues (etc.)"
2020/11/12 10:56:45 AM EST,Grands-parents,G0s2e0,Non,"Réseaux sociaux (Facebook, Instagram...)"
2020/11/12 10:59:07 AM EST,Parents avec jeunes enfants,G6z7g9,Non,Radio
2020/11/12 10:59:43 AM EST,Parents avec jeunes enfants,G2K1G3,Non,"Réseaux sociaux (Facebook, Instagram...)"
2020/11/12 11:31:55 AM EST,Parents avec jeunes enfants,G3e1y6,Oui,"Réseaux sociaux (Facebook, Instagram...)"
2020/11/12 11:57:04 AM EST,Parents avec jeunes enfants,G1m2n4,Non,"Famille, amis, collègues (etc.)"
2020/11/12 12:19:07 PM EST,Parents avec jeunes enfants,G0s2e0,Non,Radio
2020/11/12 12:49:41 PM EST,Parents avec jeunes enfants,G1m2n1,Non,"Famille, amis, collègues (etc.)"
2020/11/12 12:55:51 PM EST,Parents avec jeunes enfants,G0S 2P0,Non,"Famille, amis, collègues (etc.)"
2020/11/12 1:48:38 PM EST,Grands-parents,G2l1b3,Non,"Famille, amis, collègues (etc.)"
2020/11/12 2:16:38 PM EST,Grands-parents,G2b0r3,Non,"Famille, amis, collègues (etc.)"
2020/11/12 3:17:36 PM EST,Parents avec jeunes enfants,G1w2t3,Non,"Famille, amis, collègues (etc.)"
2020/11/12 3:21:35 PM EST,"Corporatif (enseignants, service-de-garde, garderies, etc.)",G1k0e5,Non,"Famille, amis, collègues (etc.)"
2020/11/12 3:31:01 PM EST,Grands-parents,G1t1h1,Non,"Famille, amis, collègues (etc.)"
2020/11/12 3:36:02 PM EST,Grands-parents,G1t1g5,Non,"Famille, amis, collègues (etc.)"
2020/11/13 10:39:29 AM EST,Grands-parents,G1t1g5,Non,"Famille, amis, collègues (etc.)"
2020/11/13 10:39:56 AM EST,Parents,G1c 5n6,Non,Ne sait pas
2020/11/13 10:52:31 AM EST,Parents avec jeunes enfants,G1m1x6,Non,"Famille, amis, collègues (etc.)"
2020/11/13 10:55:53 AM EST,Grands-parents,G1b3l5,Non,"Famille, amis, collègues (etc.)"
2020/11/13 11:02:09 AM EST,Parents avec jeunes enfants,G1x4x1,Non,"Famille, amis, collègues (etc.)"
2020/11/13 11:13:11 AM EST,Grands-parents,G1g4s2,Oui,Radio
2020/11/13 11:19:08 AM EST,Parents avec jeunes enfants,G1y1l2,Non,Radio
2020/11/13 11:26:48 AM EST,Parents avec jeunes enfants,G1g5a9,Non,"Famille, amis, collègues (etc.)"
2020/11/13 11:33:21 AM EST,Parents avec jeunes enfants,G6e1a5,Non,Radio
2020/11/13 11:47:47 AM EST,Parents avec jeunes enfants,G0s1w0,Non,"Famille, amis, collègues (etc.)"
2020/11/13 11:52:12 AM EST,Parents avec jeunes enfants,G7a1m3,Non,"Réseaux sociaux (Facebook, Instagram...)"
2020/11/13 11:55:25 AM EST,Parents avec jeunes enfants,G1x3b5,Non,En passant 
2020/11/13 12:05:52 PM EST,Parents avec jeunes enfants,G6z7a5,Non,"Famille, amis, collègues (etc.)"
2020/11/13 12:10:59 PM EST,Grands-parents,G6k1m9,Non,TV
2020/11/13 12:35:24 PM EST,Parents avec jeunes enfants,G0a1a0,Oui,Google 
2020/11/13 12:48:45 PM EST,Parents avec jeunes enfants,G3a1x1,Non,"Famille, amis, collègues (etc.)"
2020/11/13 1:50:59 PM EST,Parents avec jeunes enfants,G1v1m3,Oui,"Famille, amis, collègues (etc.)"
2020/11/13 1:58:22 PM EST,Parents avec jeunes enfants,G2e2r5,Non,Radio
2020/11/13 2:10:05 PM EST,Parents avec jeunes enfants,G3k1m2,Non,"Famille, amis, collègues (etc.)"
2020/11/13 2:19:22 PM EST,Parents avec jeunes enfants,G2e3h5,Non,"Famille, amis, collègues (etc.)"
2020/11/13 2:31:12 PM EST,Parents avec jeunes enfants,G2c2a2,Oui,"Famille, amis, collègues (etc.)"
2020/11/13 2:33:29 PM EST,Parents avec jeunes enfants,G1p4j2,Oui,Radio
2020/11/13 2:40:26 PM EST,Parents,G7a3e5,Non,"Événements (Conteneur de l'amour, parade des jouets, etc)"
2020/11/13 2:42:43 PM EST,Parents,G1s2a4,Non,"Famille, amis, collègues (etc.)"
2020/11/13 3:17:58 PM EST,Grands-parents,G2g1a6,Non,Google 
2020/11/13 3:24:39 PM EST,Parents avec jeunes enfants,G2e3g2,Non,"Famille, amis, collègues (etc.)"
2020/11/13 3:31:42 PM EST,Grands-parents,G1s1k5,Non,"Famille, amis, collègues (etc.)"
2020/11/13 3:34:27 PM EST,Parents avec jeunes enfants,G2b3 c1,Non,Radio
2020/11/13 3:47:03 PM EST,Grands-parents,G1v3l2,Non,"Famille, amis, collègues (etc.)"
2020/11/13 4:03:18 PM EST,Collectionneur ,G1x2g2,Non,"Famille, amis, collègues (etc.)"
2020/11/13 4:06:03 PM EST,Parents avec jeunes enfants,G6x3b2,Non,TV
2020/11/14 10:35:37 AM EST,Grands-parents,G2b0r3,Non,"Famille, amis, collègues (etc.)"
2020/11/14 10:36:02 AM EST,"Corporatif (enseignants, service-de-garde, garderies, etc.)",G6v 3v4,Non,TV
2020/11/14 10:36:04 AM EST,Parents avec jeunes enfants,G6x3b2,Non,TV
2020/11/14 10:36:08 AM EST,Collectionneur ,G1x2g2,Non,"Famille, amis, collègues (etc.)"
2020/11/14 10:36:08 AM EST,Grands-parents,G1v3l2,Non,"Famille, amis, collègues (etc.)"
2020/11/14 10:36:09 AM EST,Parents avec jeunes enfants,G2b3 c1,Non,Radio
2020/11/14 10:36:09 AM EST,Grands-parents,G1s1k5,Non,"Famille, amis, collègues (etc.)"
2020/11/14 10:36:10 AM EST,Parents avec jeunes enfants,G2e3g2,Non,"Famille, amis, collègues (etc.)"
2020/11/14 10:36:10 AM EST,Grands-parents,G2g1a6,Non,Google 
2020/11/14 10:36:11 AM EST,Parents,G1s2a4,Non,"Famille, amis, collègues (etc.)"
2020/11/14 10:36:11 AM EST,Parents,G7a3e5,Non,"Événements (Conteneur de l'amour, parade des jouets, etc)"
2020/11/14 10:36:12 AM EST,Parents avec jeunes enfants,G1p4j2,Oui,Radio
2020/11/14 10:36:13 AM EST,Parents avec jeunes enfants,G2c2a2,Oui,"Famille, amis, collègues (etc.)"
2020/11/14 10:36:16 AM EST,Parents avec jeunes enfants,G2e3h5,Non,"Famille, amis, collègues (etc.)"
2020/11/14 10:36:16 AM EST,Parents avec jeunes enfants,G3k1m2,Non,"Famille, amis, collègues (etc.)"
2020/11/14 10:36:17 AM EST,Parents avec jeunes enfants,G2e2r5,Non,Radio
2020/11/14 10:36:17 AM EST,Parents avec jeunes enfants,G1v1m3,Oui,"Famille, amis, collègues (etc.)"
2020/11/14 10:36:18 AM EST,Parents avec jeunes enfants,G3a1x1,Non,"Famille, amis, collègues (etc.)"
2020/11/14 10:36:18 AM EST,Parents avec jeunes enfants,G0a1a0,Oui,Google 
2020/11/14 10:36:24 AM EST,Parents avec jeunes enfants,G1x4x1,Non,"Famille, amis, collègues (etc.)"
2020/11/14 10:36:25 AM EST,Parents avec jeunes enfants,G1m1x6,Non,"Famille, amis, collègues (etc.)"
2020/11/14 10:36:29 AM EST,Parents avec jeunes enfants,G0s2e0,Non,Radio
2020/11/14 10:36:30 AM EST,Parents avec jeunes enfants,G1m2n4,Non,"Famille, amis, collègues (etc.)"
2020/11/14 10:36:31 AM EST,Parents avec jeunes enfants,G3e1y6,Oui,"Réseaux sociaux (Facebook, Instagram...)"
2020/11/14 10:36:31 AM EST,Grands-parents,G0s2e0,Non,"Réseaux sociaux (Facebook, Instagram...)"
2020/11/14 10:36:32 AM EST,Grands-parents,G1x5a1,Oui,"Famille, amis, collègues (etc.)"
2020/11/14 10:36:33 AM EST,Parents avec jeunes enfants,G1y1a2,Non,"Famille, amis, collègues (etc.)"
2020/11/14 10:36:33 AM EST,Grands-parents,G2a319,Non,"Réseaux sociaux (Facebook, Instagram...)"
2020/11/14 10:36:34 AM EST,Grands-parents,G1b3w9,Non,Un autre organisme 
2020/11/14 10:36:35 AM EST,Grands-parents,G6e1w1,Oui,"Famille, amis, collègues (etc.)"
2020/11/14 10:36:35 AM EST,Grands-parents,G2b4r2,Non,"Famille, amis, collègues (etc.)"
2020/11/14 10:36:36 AM EST,Parents avec jeunes enfants,G2b4r2,Non,"Famille, amis, collègues (etc.)"
2020/11/14 10:36:36 AM EST,Parents avec jeunes enfants,G1c6t9,Non,"Famille, amis, collègues (etc.)"
2020/11/14 10:36:37 AM EST,Parents avec jeunes enfants,G1e5w1,Non,"Événements (Conteneur de l'amour, parade des jouets, etc)"
2020/11/14 10:36:38 AM EST,Grands-parents,G2g1z9,Non,"Événements (Conteneur de l'amour, parade des jouets, etc)"
2020/11/14 10:36:39 AM EST,Grands-parents,G1y3p3,Non,En passant 
2020/11/14 10:36:39 AM EST,Grands-parents,G3a1w8,Non,"Famille, amis, collègues (etc.)"
2020/11/14 10:36:40 AM EST,Parents avec jeunes enfants,G6v7m8,Oui,"Famille, amis, collègues (etc.)"
2020/11/14 10:36:41 AM EST,Parents avec jeunes enfants,G0a3k0,Non,"Famille, amis, collègues (etc.)"
2020/11/14 10:36:41 AM EST,"Corporatif (enseignants, service-de-garde, garderies, etc.)",G2k0j2,Non,"Réseaux sociaux (Facebook, Instagram...)"
2020/11/14 10:36:42 AM EST,Grands-parents,G1c7x2,Non,Radio
2020/11/14 10:36:43 AM EST,Parents avec jeunes enfants,G7a3g4,Non,"Famille, amis, collègues (etc.)"
2020/11/14 10:36:46 AM EST,Parents avec jeunes enfants,G0a1h0,Oui,"Réseaux sociaux (Facebook, Instagram...)"
2020/11/14 10:36:47 AM EST,Grands-parents,G0r1c0,Non,"Famille, amis, collègues (etc.)"
2020/11/14 10:36:47 AM EST,Parents avec jeunes enfants,G7a4m6,Non,"Famille, amis, collègues (etc.)"
2020/11/14 10:36:48 AM EST,Grands-parents,G6w0n9,Non,"Famille, amis, collègues (etc.)"
2020/11/14 10:36:48 AM EST,Parents avec jeunes enfants,G6k1e8,Non,"Événements (Conteneur de l'amour, parade des jouets, etc)"
2020/11/14 10:36:48 AM EST,Parents avec jeunes enfants,G2a1l7,Oui,"Famille, amis, collègues (etc.)"
2020/11/14 10:36:49 AM EST,Parents avec jeunes enfants,G0s2e0,Oui,"Réseaux sociaux (Facebook, Instagram...)"
2020/11/14 10:36:49 AM EST,Parents avec jeunes enfants,G2e6l9,Non,Google 
2020/11/14 10:36:51 AM EST,Parents avec jeunes enfants,G1p2p5,Non,"Réseaux sociaux (Facebook, Instagram...)"
2020/11/14 10:36:51 AM EST,Grands-parents,G1y1y7,Non,"Famille, amis, collègues (etc.)"
2020/11/14 10:36:51 AM EST,Parents avec jeunes enfants,G1l4e4,Oui,"Famille, amis, collègues (etc.)"
2020/11/14 10:36:53 AM EST,Parents avec jeunes enfants,G1y1s4,Non,Radio
2020/11/14 10:36:54 AM EST,Parents avec jeunes enfants,G6v5k5,Oui,"Famille, amis, collègues (etc.)"
2020/11/14 10:36:55 AM EST,Parents avec jeunes enfants,G7a2e7,Non,"Famille, amis, collègues (etc.)"
2020/11/14 10:36:56 AM EST,Grands-parents,G1x2w8,Non,"Famille, amis, collègues (etc.)"
2020/11/14 10:36:57 AM EST,Parents avec jeunes enfants,G1y2t1,Non,"Famille, amis, collègues (etc.)"
2020/11/14 11:15:46 AM EST,Grands-parents,G0r 3j0,Oui,"Famille, amis, collègues (etc.)"
2020/11/14 11:16:11 AM EST,Parents avec jeunes enfants,G2K1G3,Non,"Réseaux sociaux (Facebook, Instagram...)"
2020/11/14 11:16:12 AM EST,Parents avec jeunes enfants,G6z7g9,Non,Radio
2020/11/14 11:16:13 AM EST,Parents avec jeunes enfants,G0S 2P0,Non,"Famille, amis, collègues (etc.)"
2020/11/17 10:24:20 AM EST,Parents avec jeunes enfants,G2a2x5,Non,"Famille, amis, collègues (etc.)"
2020/11/17 10:41:20 AM EST,Grands-parents,G3a0m3,Non,"Famille, amis, collègues (etc.)"
2020/11/17 10:44:22 AM EST,Grands-parents,G1p4e8,Non,"Famille, amis, collègues (etc.)"
2020/11/17 11:00:29 AM EST,Parents avec jeunes enfants,G1m2m9,Non,"Famille, amis, collègues (etc.)"
2020/11/17 11:01:49 AM EST,Grands-parents,G0r1e0,Non,"Famille, amis, collègues (etc.)"
2020/11/17 11:17:31 AM EST,Grands-parents,G6w3h3,Oui,Journaux 
2020/11/17 11:39:22 AM EST,Grands-parents,G3a2b2,Non,"Famille, amis, collègues (etc.)"
2020/11/17 11:59:26 AM EST,Parents avec jeunes enfants,G6v1t5,Non,"Famille, amis, collègues (etc.)"
2020/11/17 1:00:28 PM EST,Parents avec jeunes enfants,G2c1z6,Oui,Radio
2020/11/17 1:50:21 PM EST,Grands-parents,G1y3a4,Non,"Famille, amis, collègues (etc.)"
2020/11/17 2:05:36 PM EST,Parents avec jeunes enfants,G2g1n3,Non,"Famille, amis, collègues (etc.)"
2020/11/17 2:31:04 PM EST,Grands-parents,G3k2k8,Non,"Famille, amis, collègues (etc.)"
2020/11/17 2:34:26 PM EST,Grands-parents,G3a1y7,Non,"Famille, amis, collègues (etc.)"
2020/11/17 2:39:47 PM EST,Grands-parents,G3a2b9,Non,"Famille, amis, collègues (etc.)"
2020/11/17 2:59:49 PM EST,Parents avec jeunes enfants,G2a1a7,Non,"Famille, amis, collègues (etc.)"
2020/11/17 3:02:38 PM EST,Parents,G1y2b9,Non,TV
2020/11/17 3:23:45 PM EST,Grands-parents,G1p3y6,Non,"Famille, amis, collègues (etc.)"
2020/11/17 3:45:32 PM EST,Parents avec jeunes enfants,G1S 2A4,Non,"Famille, amis, collègues (etc.)"
2020/11/18 10:18:17 AM EST,Grands-parents,G3k2k8,Non,"Famille, amis, collègues (etc.)"
2020/11/18 10:18:41 AM EST,Parents avec jeunes enfants,G2c0h6,Non,"Famille, amis, collègues (etc.)"
2020/11/18 10:40:33 AM EST,Parents avec jeunes enfants,G0s2w0,Non,"Famille, amis, collègues (etc.)"
2020/11/18 10:44:43 AM EST,Grand tante,G1h7n9,Non,"Famille, amis, collègues (etc.)"
2020/11/18 10:50:29 AM EST,Parents avec jeunes enfants,G1S 2A4,Non,"Famille, amis, collègues (etc.)"
2020/11/18 10:51:13 AM EST,Grands-parents,G1K 5M8,Non,"Famille, amis, collègues (etc.)"
2020/11/18 10:51:54 AM EST,Parents avec jeunes enfants,G1K 1Y9,Non,"Famille, amis, collègues (etc.)"
2020/11/18 10:52:57 AM EST,Parents avec jeunes enfants,G0a2r0,Non,"Famille, amis, collègues (etc.)"
2020/11/18 11:01:58 AM EST,Madame,G2e4g8,Non,"Famille, amis, collègues (etc.)"
2020/11/18 11:09:05 AM EST,Grands-parents,G1y2c6,Non,"Réseaux sociaux (Facebook, Instagram...)"
2020/11/18 11:17:43 AM EST,Parents avec jeunes enfants,G0a1h0,Non,Radio
2020/11/18 11:34:38 AM EST,Parents avec jeunes enfants,G1x1v5,Non,"Famille, amis, collègues (etc.)"
2020/11/18 11:40:21 AM EST,Parents avec jeunes enfants,G2e2k8,Non,Fleurs de lys 
2020/11/18 11:52:43 AM EST,Grands-parents,G1x5e7,Oui,"Famille, amis, collègues (etc.)"
2020/11/18 12:01:48 PM EST,Parents avec jeunes enfants,G1K 1Y9,Non,"Famille, amis, collègues (etc.)"
2020/11/18 12:02:15 PM EST,Parents avec jeunes enfants,G1n3j8,Non,"Famille, amis, collègues (etc.)"
2020/11/18 12:02:51 PM EST,Parents avec jeunes enfants,G0a4a0,Non,"Famille, amis, collègues (etc.)"
2020/11/18 12:05:08 PM EST,Parents avec jeunes enfants,G6k0b2,Oui,"Famille, amis, collègues (etc.)"
2020/11/18 12:08:22 PM EST,Parents avec jeunes enfants,G7a3w8,Oui,"Famille, amis, collègues (etc.)"
2020/11/18 12:13:07 PM EST,Parents avec jeunes enfants,G1j2x7,Non,"Réseaux sociaux (Facebook, Instagram...)"
2020/11/18 12:16:31 PM EST,Parents avec jeunes enfants,G1x4x2,Non,"Famille, amis, collègues (etc.)"
2020/11/18 12:24:43 PM EST,Grands-parents,G2c1h5,Non,"Famille, amis, collègues (etc.)"
2020/11/18 12:39:02 PM EST,Sans enfant,G1N 2S4,Oui,"Famille, amis, collègues (etc.)"
2020/11/18 1:43:53 PM EST,"Corporatif (enseignants, service-de-garde, garderies, etc.)",G3a1c4,Non,"Famille, amis, collègues (etc.)"
2020/11/18 1:46:54 PM EST,Parents avec jeunes enfants,G6x2l4,Non,"Famille, amis, collègues (etc.)"
2020/11/18 1:50:31 PM EST,Grands-parents,G1m2n1,Oui,"Famille, amis, collègues (etc.)"
2020/11/18 1:55:55 PM EST,Parents avec jeunes enfants,G0r3n0,Oui,Radio
2020/11/18 2:07:07 PM EST,Grands-parents,G3h1w6,Non,"Famille, amis, collègues (etc.)"
2020/11/18 2:12:09 PM EST,Parents avec jeunes enfants,G3k0p4,Non,Radio
2020/11/18 2:43:30 PM EST,Parents avec jeunes enfants,G2b2w2,Non,"Famille, amis, collègues (etc.)"
2020/11/18 2:44:35 PM EST,Grands-parents,G2k2m5,Non,"Famille, amis, collègues (etc.)"
2020/11/18 2:55:13 PM EST,Grands-parents,G0a1l0,Non,"Réseaux sociaux (Facebook, Instagram...)"
2020/11/18 3:02:39 PM EST,Grands-parents,G1w2g8,Non,"Réseaux sociaux (Facebook, Instagram...)"
2020/11/18 3:11:48 PM EST,Parents avec jeunes enfants,G1m4b2,Non,"Famille, amis, collègues (etc.)"
2020/11/18 3:13:27 PM EST,Grands-parents,G1y3m3,Non,"Famille, amis, collègues (etc.)"
2020/11/18 3:19:48 PM EST,Grands-parents,G3k2a5,Non,"Famille, amis, collègues (etc.)"
2020/11/18 3:25:34 PM EST,Grands-parents,G1x4x8,Oui,Google 
2020/11/18 3:43:50 PM EST,Parents avec jeunes enfants,G6k1n2,Non,Fondation 
2020/11/19 10:22:49 AM EST,Grands-parents,G1w2g8,Non,"Réseaux sociaux (Facebook, Instagram...)"
2020/11/19 10:24:31 AM EST,Parents avec jeunes enfants,G2e2l2,Non,Livre 0 déchets 
2020/11/19 10:48:16 AM EST,Sans enfant,G1N 2S4,Oui,"Famille, amis, collègues (etc.)"
2020/11/19 10:48:40 AM EST,Parents avec jeunes enfants,G6Z1T1,Non,"Réseaux sociaux (Facebook, Instagram...)"
2020/11/19 10:49:31 AM EST,Parents avec jeunes enfants,G1g1b5,Oui,"Famille, amis, collègues (etc.)"
2020/11/19 11:05:14 AM EST,Parents avec jeunes enfants,G1m1v3,Non,"Famille, amis, collègues (etc.)"
2020/11/19 11:10:59 AM EST,Parents avec jeunes enfants,G1c0g8,Non,Radio
2020/11/19 11:17:18 AM EST,Parents avec jeunes enfants,G1h2n5,Non,"Famille, amis, collègues (etc.)"
2020/11/19 11:35:08 AM EST,Grands-parents,G1x4c9,Non,"Famille, amis, collègues (etc.)"
2020/11/19 11:37:32 AM EST,Parents avec jeunes enfants,G1c6j3,Non,"Famille, amis, collègues (etc.)"
2020/11/19 11:43:54 AM EST,Parents avec jeunes enfants,G3e1s5,Non,"Famille, amis, collègues (etc.)"
2020/11/19 11:58:24 AM EST,Parents avec jeunes enfants,G1l4b7,Non,"Famille, amis, collègues (etc.)"
2020/11/19 12:02:19 PM EST,Parents avec jeunes enfants,G7a3a6,Non,"Famille, amis, collègues (etc.)"
2020/11/19 12:06:50 PM EST,Grands-parents,G1j4a2,Non,TV
2020/11/19 12:11:30 PM EST,Grands-parents,G7a5k7,Non,"Famille, amis, collègues (etc.)"
2020/11/19 12:24:18 PM EST,Parents avec jeunes enfants,G3m0c2,Non,"Famille, amis, collègues (etc.)"
2020/11/19 12:25:36 PM EST,Parents,G3A2N4,Oui,En passant devant la bâtisse 
2020/11/19 12:32:41 PM EST,"Corporatif (enseignants, service-de-garde, garderies, etc.)",G1x4c7,Non,"Famille, amis, collègues (etc.)"
2020/11/19 12:37:13 PM EST,Parents avec jeunes enfants,G1x3t8,Non,"Famille, amis, collègues (etc.)"
2020/11/19 12:37:21 PM EST,Parents avec jeunes enfants,G3j1a5,Oui,Radio
2020/11/19 12:45:02 PM EST,Parents avec jeunes enfants,G0a3g0,Non,Richard Pearson
2020/11/19 1:57:28 PM EST,Parents avec jeunes enfants,G2k1a9,Non,"Famille, amis, collègues (etc.)"
2020/11/19 2:12:40 PM EST,Parents avec jeunes enfants,G0s3g0,Non,Garderie
2020/11/19 2:20:20 PM EST,Parents avec jeunes enfants,G1w1j8,Oui,"Famille, amis, collègues (etc.)"
2020/11/19 2:23:49 PM EST,Parents avec jeunes enfants,G3k2b5,Oui,"Réseaux sociaux (Facebook, Instagram...)"
2020/11/19 3:14:28 PM EST,Parents avec jeunes enfants,G1j3a4,Oui,"Famille, amis, collègues (etc.)"
2020/11/19 3:34:06 PM EST,Parents avec jeunes enfants,G6y0n7,Non,"Famille, amis, collègues (etc.)"
2020/11/19 3:53:06 PM EST,Parents avec jeunes enfants,G1j2x7,Non,"Réseaux sociaux (Facebook, Instagram...)"
2020/11/19 3:53:06 PM EST,Parents avec jeunes enfants,G6k0b2,Oui,"Famille, amis, collègues (etc.)"
2020/11/19 3:53:06 PM EST,Parents avec jeunes enfants,G1n3j8,Non,"Famille, amis, collègues (etc.)"
2020/11/19 3:53:07 PM EST,Parents avec jeunes enfants,G1K 1Y9,Non,"Famille, amis, collègues (etc.)"
2020/11/19 3:53:08 PM EST,Grands-parents,G1K 5M8,Non,"Famille, amis, collègues (etc.)"
2020/11/19 3:53:09 PM EST,Parents avec jeunes enfants,G1S 2A4,Non,"Famille, amis, collègues (etc.)"
2020/11/19 3:54:04 PM EST,Parents avec jeunes enfants,G6k1n2,Non,Fondation 
2020/11/19 3:54:05 PM EST,Grands-parents,G1x4x8,Oui,Google 
2020/11/19 3:54:05 PM EST,Grands-parents,G3k2a5,Non,"Famille, amis, collègues (etc.)"
2020/11/19 3:54:06 PM EST,Grands-parents,G1y3m3,Non,"Famille, amis, collègues (etc.)"
2020/11/19 3:54:06 PM EST,Parents avec jeunes enfants,G1m4b2,Non,"Famille, amis, collègues (etc.)"
2020/11/19 3:54:28 PM EST,Parents avec jeunes enfants,G3k0p4,Non,Radio
2020/11/19 3:54:29 PM EST,Grands-parents,G3h1w6,Non,"Famille, amis, collègues (etc.)"
2020/11/19 3:54:30 PM EST,Parents avec jeunes enfants,G0r3n0,Oui,Radio
2020/11/19 3:54:31 PM EST,Grands-parents,G1m2n1,Oui,"Famille, amis, collègues (etc.)"
2020/11/19 3:54:33 PM EST,Parents avec jeunes enfants,G7a3w8,Oui,"Famille, amis, collègues (etc.)"
2020/11/19 3:54:33 PM EST,Parents avec jeunes enfants,G0a4a0,Non,"Famille, amis, collègues (etc.)"
2020/11/19 3:54:35 PM EST,Grands-parents,G1x5e7,Oui,"Famille, amis, collègues (etc.)"
2020/11/19 3:54:37 PM EST,Parents avec jeunes enfants,G2e2k8,Non,Fleurs de lys 
2020/11/19 3:54:38 PM EST,Parents,G1y2b9,Non,TV
2020/11/19 3:54:38 PM EST,Parents avec jeunes enfants,G0a2r0,Non,"Famille, amis, collègues (etc.)"
2020/11/19 3:54:39 PM EST,Parents avec jeunes enfants,G2a1a7,Non,"Famille, amis, collègues (etc.)"
2020/11/19 3:54:39 PM EST,Grand tante,G1h7n9,Non,"Famille, amis, collègues (etc.)"
2020/11/19 3:54:40 PM EST,Grands-parents,G3a2b9,Non,"Famille, amis, collègues (etc.)"
2020/11/19 3:54:40 PM EST,Parents avec jeunes enfants,G0s2w0,Non,"Famille, amis, collègues (etc.)"
2020/11/19 3:54:41 PM EST,Grands-parents,G3a1y7,Non,"Famille, amis, collègues (etc.)"
2020/11/19 3:54:41 PM EST,Parents avec jeunes enfants,G2c0h6,Non,"Famille, amis, collègues (etc.)"
2020/11/19 3:54:42 PM EST,Grands-parents,G3k2k8,Non,"Famille, amis, collègues (etc.)"
2020/11/19 3:54:42 PM EST,Parents avec jeunes enfants,G2g1n3,Non,"Famille, amis, collègues (etc.)"
2020/11/19 3:54:42 PM EST,Grands-parents,G1y3a4,Non,"Famille, amis, collègues (etc.)"
2020/11/19 3:54:43 PM EST,Parents avec jeunes enfants,G2c1z6,Oui,Radio
2020/11/19 3:54:43 PM EST,Parents avec jeunes enfants,G6v1t5,Non,"Famille, amis, collègues (etc.)"
2020/11/19 3:54:43 PM EST,Grands-parents,G3a2b2,Non,"Famille, amis, collègues (etc.)"
2020/11/19 3:54:44 PM EST,Grands-parents,G6w3h3,Oui,Journaux 
2020/11/19 3:54:44 PM EST,Parents avec jeunes enfants,G1m2m9,Non,"Famille, amis, collègues (etc.)"
2020/11/19 3:54:47 PM EST,Parents avec jeunes enfants,G2a2x5,Non,"Famille, amis, collègues (etc.)"
2020/11/19 3:54:49 PM EST,Grands-parents,G3a0m3,Non,"Famille, amis, collègues (etc.)"
2020/11/19 3:54:50 PM EST,Grands-parents,G1p4e8,Non,"Famille, amis, collègues (etc.)"
2020/11/19 4:07:00 PM EST,Parents avec jeunes enfants,G1p3k1,Oui,"Famille, amis, collègues (etc.)"
2020/11/20 10:23:21 AM EST,Parents avec jeunes enfants,G1p3k1,Oui,"Famille, amis, collègues (etc.)"
2020/11/20 10:23:44 AM EST,Parents avec jeunes enfants,G3m2w1,Non,"Famille, amis, collègues (etc.)"
2020/11/20 10:37:27 AM EST,Grands-parents,G5v3r8,Non,Google 
2020/11/20 10:50:51 AM EST,Parents avec jeunes enfants,G1v1x4,Non,"Famille, amis, collègues (etc.)"
2020/11/20 10:56:30 AM EST,Parents avec jeunes enfants,G1y1s6,Non,Google 
2020/11/20 11:26:38 AM EST,Parents avec jeunes enfants,G3n0n8,Non,"Réseaux sociaux (Facebook, Instagram...)"
2020/11/20 11:42:43 AM EST,Parents avec jeunes enfants,G2b0g1,Non,"Famille, amis, collègues (etc.)"
2020/11/20 12:06:43 PM EST,Parents avec jeunes enfants,G6j1w7,Oui,Radio
2020/11/20 12:20:21 PM EST,Parents avec jeunes enfants,G7a1y8,Non,"Réseaux sociaux (Facebook, Instagram...)"
2020/11/20 12:40:37 PM EST,Parents avec jeunes enfants,G3h0n9,Non,"Famille, amis, collègues (etc.)"
2020/11/20 1:47:23 PM EST,Parents,G1s2w3,Non,"Événements (Conteneur de l'amour, parade des jouets, etc)"
2020/11/20 2:15:29 PM EST,"Corporatif (enseignants, service-de-garde, garderies, etc.)",G1p1k1,Non,En  passant
2020/11/20 2:26:25 PM EST,Parents avec jeunes enfants,G1s3a4,Oui,"Réseaux sociaux (Facebook, Instagram...)"
2020/11/20 2:29:11 PM EST,Grands-parents,G1p2g5,Non,"Famille, amis, collègues (etc.)"
2020/11/20 2:35:21 PM EST,Parents avec jeunes enfants,G3k1b1,Non,"Famille, amis, collègues (etc.)"
2020/11/20 3:02:26 PM EST,Parents avec jeunes enfants,G2a4g9,Oui,Google 
2020/11/20 3:09:43 PM EST,Parents avec jeunes enfants,G0a1a0,Non,"Réseaux sociaux (Facebook, Instagram...)"
2020/11/20 3:13:50 PM EST,Parents avec jeunes enfants,G1y2r8,Non,"Famille, amis, collègues (etc.)"
2020/11/20 3:15:38 PM EST,Parents avec jeunes enfants,G2G 0G4,Non,Radio
2020/11/20 3:42:28 PM EST,Grands-parents,G1m3t4,Non,Journaux 
2020/11/20 3:57:12 PM EST,Parents avec jeunes enfants,G1n3n3,Non,"Famille, amis, collègues (etc.)"
2020/11/20 4:16:43 PM EST,Grands-parents,G3a1p5,Oui,"Famille, amis, collègues (etc.)"
2020/11/20 4:20:04 PM EST,Grands-parents,G1X 2M9,Oui,Dans le secteur
2020/11/20 4:23:43 PM EST,Parents avec jeunes enfants,G2e4t8,Non,Radio
2020/11/21 10:06:43 AM EST,Parents avec jeunes enfants,G2e4t8,Non,Radio
2020/11/21 10:06:44 AM EST,Grands-parents,G3a1p5,Oui,"Famille, amis, collègues (etc.)"
2020/11/21 10:06:44 AM EST,Parents avec jeunes enfants,G1n3n3,Non,"Famille, amis, collègues (etc.)"
2020/11/21 10:06:45 AM EST,Grands-parents,G1m3t4,Non,Journaux 
2020/11/21 10:06:46 AM EST,Parents avec jeunes enfants,G1y2r8,Non,"Famille, amis, collègues (etc.)"
2020/11/21 10:06:47 AM EST,Parents avec jeunes enfants,G0a1a0,Non,"Réseaux sociaux (Facebook, Instagram...)"
2020/11/21 10:06:47 AM EST,Parents avec jeunes enfants,G2a4g9,Oui,Google 
2020/11/21 10:06:48 AM EST,Parents avec jeunes enfants,G3k1b1,Non,"Famille, amis, collègues (etc.)"
2020/11/21 10:06:48 AM EST,Grands-parents,G1p2g5,Non,"Famille, amis, collègues (etc.)"
2020/11/21 10:06:49 AM EST,Parents avec jeunes enfants,G1s3a4,Oui,"Réseaux sociaux (Facebook, Instagram...)"
2020/11/21 10:06:49 AM EST,"Corporatif (enseignants, service-de-garde, garderies, etc.)",G1p1k1,Non,En  passant
2020/11/21 10:06:50 AM EST,Parents avec jeunes enfants,G3h0n9,Non,"Famille, amis, collègues (etc.)"
2020/11/21 10:06:50 AM EST,Parents avec jeunes enfants,G7a1y8,Non,"Réseaux sociaux (Facebook, Instagram...)"
2020/11/21 10:06:51 AM EST,Parents avec jeunes enfants,G6j1w7,Oui,Radio
2020/11/21 10:06:52 AM EST,Parents avec jeunes enfants,G2b0g1,Non,"Famille, amis, collègues (etc.)"
2020/11/21 10:06:52 AM EST,Parents avec jeunes enfants,G3n0n8,Non,"Réseaux sociaux (Facebook, Instagram...)"
2020/11/21 10:06:54 AM EST,Parents avec jeunes enfants,G1y1s6,Non,Google 
2020/11/21 10:06:54 AM EST,Parents avec jeunes enfants,G1v1x4,Non,"Famille, amis, collègues (etc.)"
2020/11/21 10:06:55 AM EST,Grands-parents,G5v3r8,Non,Google 
2020/11/21 10:06:56 AM EST,Parents avec jeunes enfants,G3m2w1,Non,"Famille, amis, collègues (etc.)"
2020/11/21 10:06:56 AM EST,Parents avec jeunes enfants,G1p3k1,Oui,"Famille, amis, collègues (etc.)"
2020/11/21 11:50:58 AM EST,Grands-parents,G1X 2M9,Oui,Dans le secteur
2020/11/21 11:51:18 AM EST,Parents avec jeunes enfants,G2G 0G4,Non,Radio
2020/11/21 11:51:19 AM EST,Parents,G1s2w3,Non,"Événements (Conteneur de l'amour, parade des jouets, etc)"
2020/11/24 10:17:26 AM EST,Grands-parents,G1m2b8,Non,"Famille, amis, collègues (etc.)"
2020/11/24 10:27:31 AM EST,Parents avec jeunes enfants,G7a0h8,Non,"Événements (Conteneur de l'amour, parade des jouets, etc)"
2020/11/24 11:01:02 AM EST,Parents avec jeunes enfants,G2k1l1,Non,"Famille, amis, collègues (etc.)"
2020/11/24 11:02:51 AM EST,Parents avec jeunes enfants,G7a0h8,Non,"Événements (Conteneur de l'amour, parade des jouets, etc)"
2020/11/24 11:03:08 AM EST,Parents avec jeunes enfants,G2e1t8,Oui,"Famille, amis, collègues (etc.)"
2020/11/24 11:21:14 AM EST,Parents avec jeunes enfants,G1m2n5,Non,"Famille, amis, collègues (etc.)"
2020/11/24 11:30:46 AM EST,Parents avec jeunes enfants,G1e0k2,Oui,"Réseaux sociaux (Facebook, Instagram...)"
2020/11/24 11:32:37 AM EST,Parents avec jeunes enfants,G1c3a6,Oui,"Famille, amis, collègues (etc.)"
2020/11/24 11:42:27 AM EST,Parents avec jeunes enfants,G7a3l6,Non,"Famille, amis, collègues (etc.)"
2020/11/24 11:55:28 AM EST,Grands-parents,G0r2w0,Non,"Famille, amis, collègues (etc.)"
2020/11/24 12:15:48 PM EST,Parents avec jeunes enfants,G1g0g6,Non,"Famille, amis, collègues (etc.)"
2020/11/24 12:21:51 PM EST,Grands-parents,G1c3w3,Non,"Famille, amis, collègues (etc.)"
2020/11/24 12:38:41 PM EST,Parents avec jeunes enfants,G1x2w5,Non,"Famille, amis, collègues (etc.)"
2020/11/24 1:41:57 PM EST,Parents avec jeunes enfants,G2k1l1,Non,"Famille, amis, collègues (etc.)"
2020/11/24 1:42:21 PM EST,Parents avec jeunes enfants,G6x2l4,Non,"Famille, amis, collègues (etc.)"
2020/11/24 1:59:56 PM EST,Parents avec jeunes enfants,G0a1h0,Oui,"Événements (Conteneur de l'amour, parade des jouets, etc)"
2020/11/24 2:16:54 PM EST,Parents avec jeunes enfants,G1l3c8,Non,"Famille, amis, collègues (etc.)"
2020/11/24 2:38:23 PM EST,Parents avec jeunes enfants,G1v1b5,Oui,En passant 
2020/11/24 3:12:34 PM EST,Grands-parents,G1b4t9,Non,"Famille, amis, collègues (etc.)"
2020/11/24 3:34:31 PM EST,Grands-parents,G1w2a3,Non,"Famille, amis, collègues (etc.)"
2020/11/24 3:42:57 PM EST,Parents avec jeunes enfants,G1x4t1,Non,"Famille, amis, collègues (etc.)"
2020/11/24 4:14:17 PM EST,Grands-parents,G1v3s4,Oui,"Famille, amis, collègues (etc.)"
2020/11/25 10:25:32 AM EST,Grands-parents,G1v3s4,Oui,"Famille, amis, collègues (etc.)"
2020/11/25 10:26:32 AM EST,Parents avec jeunes enfants,G1r1j5,Oui,Toutou avec la police
2020/11/25 10:34:39 AM EST,Parents avec jeunes enfants,G1y3v2,Non,"Réseaux sociaux (Facebook, Instagram...)"
2020/11/25 10:39:34 AM EST,Parents avec jeunes enfants,G3j0a7,Non,"Réseaux sociaux (Facebook, Instagram...)"
2020/11/25 11:14:47 AM EST,Grands-parents,G3h3r9,Non,"Famille, amis, collègues (etc.)"
2020/11/25 11:18:38 AM EST,Grands-parents,G3h3m5,Non,Berthe
2020/11/25 11:27:11 AM EST,Grands-parents,G3m0j1,Non,"Famille, amis, collègues (etc.)"
2020/11/25 11:59:55 AM EST,Parents avec jeunes enfants,G3n1b3,Non,"Réseaux sociaux (Facebook, Instagram...)"
2020/11/25 12:22:54 PM EST,Parents avec jeunes enfants,G2m0e2,Oui,"Réseaux sociaux (Facebook, Instagram...)"
2020/11/25 1:24:01 PM EST,Parents avec jeunes enfants,G0a2ko,Non,"Réseaux sociaux (Facebook, Instagram...)"
2020/11/25 1:43:39 PM EST,Grands-parents,G1s4z8,Non,"Famille, amis, collègues (etc.)"
2020/11/25 1:49:36 PM EST,Parents avec jeunes enfants,G2b5j7,Non,Google 
2020/11/25 2:20:37 PM EST,Parents avec jeunes enfants,G3l1n7,Non,"Famille, amis, collègues (etc.)"
2020/11/25 2:22:21 PM EST,Parents avec jeunes enfants,G3l1n7,Non,"Famille, amis, collègues (etc.)"
2020/11/25 2:29:16 PM EST,Parents avec jeunes enfants,G1e4w9,Oui,"Famille, amis, collègues (etc.)"
2020/11/25 2:37:05 PM EST,Parents avec jeunes enfants,G6x2l4,Non,"Famille, amis, collègues (etc.)"
2020/11/25 2:37:38 PM EST,Grands-parents,Goa2r0,Non,"Famille, amis, collègues (etc.)"
2020/11/25 3:38:25 PM EST,Grands-parents,G7a3m3,Non,En passant 
2020/11/25 3:44:09 PM EST,Grands-parents,G1x4e6,Oui,"Famille, amis, collègues (etc.)"
2020/11/25 4:03:12 PM EST,Parents avec jeunes enfants,G1j2k7,Oui,"Réseaux sociaux (Facebook, Instagram...)"
2020/11/25 4:27:23 PM EST,"Corporatif (enseignants, service-de-garde, garderies, etc.)",G7a1j2,Non,"Famille, amis, collègues (etc.)"
2020/11/26 10:36:03 AM EST,"Corporatif (enseignants, service-de-garde, garderies, etc.)",G7a1j2,Non,"Famille, amis, collègues (etc.)"
2020/11/26 10:36:22 AM EST,Parents avec jeunes enfants,G3k0g5,Non,"Famille, amis, collègues (etc.)"
2020/11/26 11:08:36 AM EST,Parents avec jeunes enfants,Gg1x2k3,Non,"Famille, amis, collègues (etc.)"
2020/11/26 11:55:40 AM EST,Parents avec jeunes enfants,G1s4t9,Non,"Famille, amis, collègues (etc.)"
2020/11/26 12:13:37 PM EST,Grands-parents,G6w0t3,Non,"Famille, amis, collègues (etc.)"
2020/11/26 12:16:45 PM EST,Parents avec jeunes enfants,G1r1g3,Non,"Réseaux sociaux (Facebook, Instagram...)"
2020/11/26 12:48:38 PM EST,Parents,G6j 1g4,Non,"Réseaux sociaux (Facebook, Instagram...)"
2020/11/26 12:57:06 PM EST,Parents,G1s 2g3,Non,"Réseaux sociaux (Facebook, Instagram...)"
2020/11/26 1:23:17 PM EST,Grands-parents,G1x4e6,Oui,"Famille, amis, collègues (etc.)"
2020/11/26 2:01:51 PM EST,Parents avec jeunes enfants,G1s4t1,Oui,"Réseaux sociaux (Facebook, Instagram...)"
2020/11/26 2:05:44 PM EST,Parents avec jeunes enfants,G2g2m8,Oui,Annie
2020/11/26 2:15:36 PM EST,Grands-parents,G3k1c7,Oui,Par Andréanne  Thibault
2020/11/26 2:57:48 PM EST,Parents avec jeunes enfants,G1m2y5,Non,"Famille, amis, collègues (etc.)"
2020/11/26 3:20:31 PM EST,Parents avec jeunes enfants,G3k0j4,Non,"Réseaux sociaux (Facebook, Instagram...)"
2020/11/26 3:52:20 PM EST,Parents avec jeunes enfants,G2n2e7,Non,"Réseaux sociaux (Facebook, Instagram...)"
2020/11/26 4:15:51 PM EST,Parents avec jeunes enfants,G1p1a5,Oui,Orthophoniste
2020/11/27 10:23:36 AM EST,Parents avec jeunes enfants,G1p1a5,Oui,Orthophoniste
2020/11/27 10:24:00 AM EST,Parents avec jeunes enfants,G1x1j4,Non,"Réseaux sociaux (Facebook, Instagram...)"
2020/11/27 10:27:59 AM EST,Parents avec jeunes enfants,G1g1z3,Non,Radio
2020/11/27 11:12:11 AM EST,Parents,G6j1w8,Oui,Radio
2020/11/27 11:28:09 AM EST,Parents avec jeunes enfants,G3k2l5,Oui,"Famille, amis, collègues (etc.)"
2020/11/27 11:32:51 AM EST,Parents avec jeunes enfants,G3j1b9,Non,"Famille, amis, collègues (etc.)"
2020/11/27 11:40:07 AM EST,Parents avec jeunes enfants,G6j1h1,Oui,"Réseaux sociaux (Facebook, Instagram...)"
2020/11/27 11:41:39 AM EST,Parents avec jeunes enfants,G1m2y5,Non,"Famille, amis, collègues (etc.)"
2020/11/27 12:18:34 PM EST,Parents avec jeunes enfants,G6v2s4,Non,Journaux 
2020/11/27 12:25:45 PM EST,Parents avec jeunes enfants,G1v1r5,Non,"Famille, amis, collègues (etc.)"
2020/11/27 12:30:55 PM EST,Parents avec jeunes enfants,G3k0r9,Non,"Famille, amis, collègues (etc.)"
2020/11/27 1:41:33 PM EST,Parents avec jeunes enfants,G3k0r9,Non,"Famille, amis, collègues (etc.)"
2020/11/27 2:13:47 PM EST,Parents avec jeunes enfants,G7a0p4,Non,"Famille, amis, collègues (etc.)"
2020/11/27 2:19:53 PM EST,Parents avec jeunes enfants,G6k1b4,Non,"Famille, amis, collègues (etc.)"
2020/11/27 2:26:48 PM EST,Célibataire,G0a3r0,Non,"Famille, amis, collègues (etc.)"
2020/11/27 2:37:24 PM EST,Grands-parents,G3a2r3,Non,"Famille, amis, collègues (etc.)"
2020/11/27 2:57:24 PM EST,Parents avec jeunes enfants,G1m2y5,Non,"Famille, amis, collègues (etc.)"
2020/11/27 2:58:04 PM EST,Parents avec jeunes enfants,G2e1b2,Non,"Famille, amis, collègues (etc.)"
2020/11/27 3:26:26 PM EST,Parents avec jeunes enfants,G3j1h4,Non,En passant
2020/11/28 9:50:37 AM EST,Parents avec jeunes enfants,G2e1b2,Non,"Famille, amis, collègues (etc.)"
2020/11/28 9:50:38 AM EST,Parents avec jeunes enfants,G6x2l4,Non,"Famille, amis, collègues (etc.)"
2020/11/28 11:09:28 AM EST,Parents avec jeunes enfants,G7a0p4,Non,"Famille, amis, collègues (etc.)"
2020/11/28 11:09:28 AM EST,Parents avec jeunes enfants,G3k0r9,Non,"Famille, amis, collègues (etc.)"
2020/11/28 11:09:28 AM EST,Parents avec jeunes enfants,G1v1r5,Non,"Famille, amis, collègues (etc.)"
2020/11/28 11:09:29 AM EST,Parents avec jeunes enfants,G6v2s4,Non,Journaux 
2020/11/28 11:09:31 AM EST,Parents avec jeunes enfants,G6j1h1,Oui,"Réseaux sociaux (Facebook, Instagram...)"
2020/11/28 11:09:32 AM EST,Parents avec jeunes enfants,G3k2l5,Oui,"Famille, amis, collègues (etc.)"
2020/11/28 11:09:33 AM EST,Parents,G6j1w8,Oui,Radio
2020/11/28 11:09:33 AM EST,Parents avec jeunes enfants,G1g1z3,Non,Radio
2020/11/28 11:09:35 AM EST,Parents avec jeunes enfants,G1x1j4,Non,"Réseaux sociaux (Facebook, Instagram...)"
2020/11/28 11:09:36 AM EST,Parents avec jeunes enfants,G1p1a5,Oui,Orthophoniste
2020/11/28 11:09:36 AM EST,Parents avec jeunes enfants,G2n2e7,Non,"Réseaux sociaux (Facebook, Instagram...)"
2020/11/28 11:09:37 AM EST,Parents avec jeunes enfants,G3k0j4,Non,"Réseaux sociaux (Facebook, Instagram...)"
2020/11/28 11:09:37 AM EST,Grands-parents,G3k1c7,Oui,Par Andréanne  Thibault
2020/11/28 11:09:38 AM EST,Parents avec jeunes enfants,G2g2m8,Oui,Annie
2020/11/28 11:09:38 AM EST,Parents avec jeunes enfants,G1s4t1,Oui,"Réseaux sociaux (Facebook, Instagram...)"
2020/11/28 11:09:39 AM EST,Parents avec jeunes enfants,G1r1g3,Non,"Réseaux sociaux (Facebook, Instagram...)"
2020/11/28 11:09:39 AM EST,Grands-parents,G6w0t3,Non,"Famille, amis, collègues (etc.)"
2020/11/28 11:09:40 AM EST,Parents avec jeunes enfants,G1s4t9,Non,"Famille, amis, collègues (etc.)"
2020/11/28 11:09:40 AM EST,Parents avec jeunes enfants,Gg1x2k3,Non,"Famille, amis, collègues (etc.)"
2020/11/28 11:09:43 AM EST,Parents avec jeunes enfants,G3k0g5,Non,"Famille, amis, collègues (etc.)"
2020/11/28 11:09:43 AM EST,"Corporatif (enseignants, service-de-garde, garderies, etc.)",G7a1j2,Non,"Famille, amis, collègues (etc.)"
2020/11/28 11:09:44 AM EST,Parents avec jeunes enfants,G1j2k7,Oui,"Réseaux sociaux (Facebook, Instagram...)"
2020/11/28 11:09:44 AM EST,Grands-parents,G7a3m3,Non,En passant 
2020/11/28 11:09:45 AM EST,Parents avec jeunes enfants,G1e4w9,Oui,"Famille, amis, collègues (etc.)"
2020/11/28 11:09:45 AM EST,Parents avec jeunes enfants,G3l1n7,Non,"Famille, amis, collègues (etc.)"
2020/11/28 11:09:46 AM EST,Parents avec jeunes enfants,G3l1n7,Non,"Famille, amis, collègues (etc.)"
2020/11/28 11:09:46 AM EST,Parents avec jeunes enfants,G2b5j7,Non,Google 
2020/11/28 11:09:47 AM EST,Grands-parents,G1s4z8,Non,"Famille, amis, collègues (etc.)"
2020/11/28 11:09:48 AM EST,Parents avec jeunes enfants,G0a2ko,Non,"Réseaux sociaux (Facebook, Instagram...)"
2020/11/28 11:09:49 AM EST,Parents avec jeunes enfants,G2m0e2,Oui,"Réseaux sociaux (Facebook, Instagram...)"
2020/11/28 11:09:49 AM EST,Parents avec jeunes enfants,G3n1b3,Non,"Réseaux sociaux (Facebook, Instagram...)"
2020/11/28 11:09:50 AM EST,Grands-parents,G3m0j1,Non,"Famille, amis, collègues (etc.)"
2020/11/28 11:09:50 AM EST,Grands-parents,G3h3m5,Non,Berthe
2020/11/28 11:09:51 AM EST,Grands-parents,G3h3r9,Non,"Famille, amis, collègues (etc.)"
2020/11/28 11:09:51 AM EST,Parents avec jeunes enfants,G3j0a7,Non,"Réseaux sociaux (Facebook, Instagram...)"
2020/11/28 11:09:52 AM EST,Parents avec jeunes enfants,G1y3v2,Non,"Réseaux sociaux (Facebook, Instagram...)"
2020/11/28 11:09:52 AM EST,Parents avec jeunes enfants,G1r1j5,Oui,Toutou avec la police
2020/11/28 11:09:53 AM EST,Grands-parents,G1v3s4,Oui,"Famille, amis, collègues (etc.)"
2020/11/28 11:09:53 AM EST,Parents avec jeunes enfants,G1x4t1,Non,"Famille, amis, collègues (etc.)"
2020/11/28 11:09:54 AM EST,Grands-parents,G1w2a3,Non,"Famille, amis, collègues (etc.)"
2020/11/28 11:09:55 AM EST,Grands-parents,G1b4t9,Non,"Famille, amis, collègues (etc.)"
2020/11/28 11:09:56 AM EST,Parents avec jeunes enfants,G1v1b5,Oui,En passant 
2020/11/28 11:09:56 AM EST,Parents avec jeunes enfants,G1l3c8,Non,"Famille, amis, collègues (etc.)"
2020/11/28 11:09:59 AM EST,Parents avec jeunes enfants,G0a1h0,Oui,"Événements (Conteneur de l'amour, parade des jouets, etc)"
2020/11/28 11:10:00 AM EST,Parents avec jeunes enfants,G1x2w5,Non,"Famille, amis, collègues (etc.)"
2020/11/28 11:10:01 AM EST,Grands-parents,G1c3w3,Non,"Famille, amis, collègues (etc.)"
2020/11/28 11:10:01 AM EST,Parents avec jeunes enfants,G1g0g6,Non,"Famille, amis, collègues (etc.)"
2020/11/28 11:10:02 AM EST,Grands-parents,G0r2w0,Non,"Famille, amis, collègues (etc.)"
2020/11/28 11:10:02 AM EST,Parents avec jeunes enfants,G7a3l6,Non,"Famille, amis, collègues (etc.)"
2020/11/28 11:10:04 AM EST,Parents avec jeunes enfants,G1c3a6,Oui,"Famille, amis, collègues (etc.)"
2020/11/28 11:10:05 AM EST,Parents avec jeunes enfants,G1e0k2,Oui,"Réseaux sociaux (Facebook, Instagram...)"
2020/11/28 11:10:06 AM EST,Parents avec jeunes enfants,G1m2n5,Non,"Famille, amis, collègues (etc.)"
2020/11/28 11:10:06 AM EST,Parents avec jeunes enfants,G2e1t8,Oui,"Famille, amis, collègues (etc.)"
2020/11/28 11:10:07 AM EST,Parents avec jeunes enfants,G7a0h8,Non,"Événements (Conteneur de l'amour, parade des jouets, etc)"
2020/11/28 11:10:08 AM EST,Grands-parents,G1m2b8,Non,"Famille, amis, collègues (etc.)"
